pmid	title	first_author	year	ast_location	biosample_linkage	details
27381390	Whole-Genome Sequencing for Detecting Antimicrobial Resistance in Nontyphoidal Salmonella	McDermott, P.	2016	supplement	multi_table	Isolate-level qualitative resistance profiles (SIR) in supplements zac009165488sd1.xlsx (Table S1) and zac009165488sd2.xlsx (Table S2). Main text Table 1 has summary concordance only. Links via GenBank WGS nucleotide accessions (e.g. JYTM00000000) and CVM/CDC IDs; secondary lookup needed for BioSamples.
29678910	Serotype Diversity and Antimicrobial Resistance among Salmonella enterica Isolates from Patients with Diarrhea	Leon, I.	2018	supplement	multi_table	Negative control. Main text contains narrative prose and aggregate resistance percentages. Supplementary PDF (AEM.02829-17_zam012188570s1.pdf) Tables S4-S6 and Fig S4 list qualitative resistance patterns for 36 resistant isolates; no tabular per-isolate quantitative MIC. Mentions BioProject PRJNA434253; secondary lookup needed for BioSamples.
31266463	Determining antimicrobial susceptibility in Salmonella enterica serovar Typhimurium through whole genome sequencing	Mensah, N.	2019	supplement	multi_table	Quantitative broth/agar MICs and disk zones in supplement 12866_2019_1520_MOESM1_ESM.xlsx (Table S2). Main text Tables 1-3 report aggregate sensitivity/specificity. Table S2 uses internal isolate codes; Table S3 maps isolate codes to SRA run IDs (ERR numbers); secondary lookup required for BioSamples.
34515028	Multiple introductions of multidrug-resistant typhoid associated with acute international travel	Kariuki, S.	2021	supplement	multi_table	Disk diffusion zone diameters (mm) and qualitative SIR interpretations in supplement elife-67852-supp1.xlsx (Supplementary Table 1). Main text Tables 1-4 give epidemiological summaries. Supplement lists ERR run accessions; secondary lookup needed for BioSamples.
34907895	Genomic diversity of antimicrobial resistance in non-typhoidal Salmonella	Sia, C.	2022	supplement	direct	Qualitative disk/agar SIR determinations in supplement Supplementary Tables.xlsx / mgen-7-0725-s003.xlsx (Supplementary Table S1); no quantitative MICs. Directly includes BioSample accessions (SAMN numbers) in the same table row alongside isolate IDs and AST calls.
35651495	Whole Genome Sequencing, Antibiotic Resistance, and Epidemiology Features of Nontyphoidal Salmonella	Zhao, W.	2022	supplement	direct	Both quantitative MIC values and qualitative SIR calls across 13 antibiotics in supplement Table_3.XLSX. Main text Table 2 reports aggregate resistance percentages. Directly includes BioSample accessions (SAMN numbers) in the AST data table.
37316492	A global genomic analysis of Salmonella Concord reveals lineages with high antimicrobial resistance	Cuypers, W.	2023	supplement	multi_table	Quantitative Sensititre broth microdilution MICs in supplement 41467_2023_38902_MOESM5_ESM.xlsx (sheet sensititre). Main text Table 1 lists AMR gene distributions. Sensititre sheet uses sequencing_id / sample_id_lab; BioSample accessions (ERS/SAMEA) and SRA run accessions (ERR) require joining with separate supplement 41467_2023_38902_MOESM4_ESM.csv.
40867962	Resistance Response and Regulatory Mechanisms of Ciprofloxacin-Induced Resistant Salmonella enterica Serovar Enteritidis	Yang, X.	2024	xml_text	multi_table	Quantitative MIC values and SIR calls for strains M and H1 across 21 drugs in main-text Table 1 (fulltext.xml and PDF). No supplement tables. Strains M and H1 map to BioProject PRJNA851351 in text; secondary lookup needed for BioSamples.
42587319	WaaL-WaaP receptor cross-talk drives phage-induced collateral sensitivity to colistin in Salmonella Pullorum	Wang, M.	2025	xml_text	none	Quantitative MIC values across 16 antibiotics for 8 strains in main-text Table 2 (fulltext.xml and PDF). No BioSample accessions exist for the bacterial strains in the paper or public repositories (accessions in paper PV208391.1 and PX021923.1 are for phages only).
