pmid	file_name	sheet_name	isolate_id	bioproject_accession	biosample_accession	assembly_accession	genbank_accessions	refseq_accessions	sra_accession	other_accessions	drug	mic_sign	mic	sir_call	notes
33658988	Table_1.xlsx	ST1	12-01739								daptomycin	=	8	R	mic_sign '=' inferred
33658988	Table_1.xlsx	ST1	12-01740								daptomycin	=	8	R	mic_sign '=' inferred
33658988	Table_1.xlsx	ST1	12-03872								daptomycin	=	8	R	mic_sign '=' inferred
33658988	Table_1.xlsx	ST1	15-01065								daptomycin	=	8	R	mic_sign '=' inferred
33658988	Table_1.xlsx	ST1	09-01199								daptomycin	=	4	R	mic_sign '=' inferred
33658988	Table_1.xlsx	ST1	08-02052								daptomycin	=	4	R	mic_sign '=' inferred
33658988	Table_1.xlsx	ST1	09-02538								daptomycin	=	4	R	mic_sign '=' inferred
33658988	Table_1.xlsx	ST1	10-00109-2								daptomycin	=	4	R	mic_sign '=' inferred
33658988	Table_1.xlsx	ST1	10-00785								daptomycin	=	4	R	mic_sign '=' inferred
33658988	Table_1.xlsx	ST1	10-02824								daptomycin	=	4	R	mic_sign '=' inferred
33658988	Table_1.xlsx	ST1	11-00260								daptomycin	=	4	R	mic_sign '=' inferred
33658988	Table_1.xlsx	ST1	11-03269								daptomycin	=	4	R	mic_sign '=' inferred
33658988	Table_1.xlsx	ST1	11-03623								daptomycin	=	4	R	mic_sign '=' inferred
33658988	Table_1.xlsx	ST1	13-00556								daptomycin	=	4	R	mic_sign '=' inferred
33658988	Table_1.xlsx	ST1	13-03523-2								daptomycin	=	4	R	mic_sign '=' inferred
33658988	Table_1.xlsx	ST1	13-03831								daptomycin	=	4	R	mic_sign '=' inferred
33658988	Table_1.xlsx	ST1	13-04344								daptomycin	=	4	R	mic_sign '=' inferred
33658988	Table_1.xlsx	ST1	14-00724								daptomycin	=	4	R	mic_sign '=' inferred
33658988	Table_1.xlsx	ST1	14-00753								daptomycin	=	4	R	mic_sign '=' inferred
33658988	Table_1.xlsx	ST1	14-01258								daptomycin	=	4	R	mic_sign '=' inferred
33658988	Table_1.xlsx	ST1	14-01371								daptomycin	=	4	R	mic_sign '=' inferred
33658988	Table_1.xlsx	ST1	14-02151								daptomycin	=	4	R	mic_sign '=' inferred
33658988	Table_1.xlsx	ST1	14-02510								daptomycin	=	4	R	mic_sign '=' inferred
33658988	Table_1.xlsx	ST1	14-03170								daptomycin	=	4	R	mic_sign '=' inferred
33658988	Table_1.xlsx	ST1	14-03171								daptomycin	=	4	R	mic_sign '=' inferred
33658988	Table_1.xlsx	ST1	14-03244								daptomycin	=	4	R	mic_sign '=' inferred
33658988	Table_1.xlsx	ST1	15-00345								daptomycin	=	4	R	mic_sign '=' inferred
33658988	Table_1.xlsx	ST1	15-00434								daptomycin	=	4	R	mic_sign '=' inferred
33658988	Table_1.xlsx	ST1	15-00574								daptomycin	=	4	R	mic_sign '=' inferred
33658988	Table_1.xlsx	ST1	15-00711								daptomycin	=	4	R	mic_sign '=' inferred
33658988	Table_1.xlsx	ST1	15-00752								daptomycin	=	4	R	mic_sign '=' inferred
33658988	Table_1.xlsx	ST1	15-01414								daptomycin	=	4	R	mic_sign '=' inferred
33658988	Table_1.xlsx	ST1	08-02376								daptomycin	=	2	R	mic_sign '=' inferred
33658988	Table_1.xlsx	ST1	12-03920								daptomycin	=	2	R	mic_sign '=' inferred
33658988	Table_1.xlsx	ST1	13-02338								daptomycin	=	2	R	mic_sign '=' inferred
33658988	Table_1.xlsx	ST1	13-02671								daptomycin	=	2	R	mic_sign '=' inferred
33658988	Table_1.xlsx	ST1	13-02987-1								daptomycin	=	2	R	mic_sign '=' inferred
33658988	Table_1.xlsx	ST1	13-03385								daptomycin	=	2	R	mic_sign '=' inferred
33658988	Table_1.xlsx	ST1	13-04050								daptomycin	=	2	R	mic_sign '=' inferred
33658988	Table_1.xlsx	ST1	13-04448								daptomycin	=	2	R	mic_sign '=' inferred
33658988	Table_1.xlsx	ST1	14-01459								daptomycin	=	2	R	mic_sign '=' inferred
33658988	Table_1.xlsx	ST1	14-02100								daptomycin	=	2	R	mic_sign '=' inferred
33658988	Table_1.xlsx	ST1	14-02229								daptomycin	=	2	R	mic_sign '=' inferred
33658988	Table_1.xlsx	ST1	14-02720								daptomycin	=	2	R	mic_sign '=' inferred
33658988	Table_1.xlsx	ST1	14-03011								daptomycin	=	2	R	mic_sign '=' inferred
33658988	Table_1.xlsx	ST1	14-03706								daptomycin	=	2	R	mic_sign '=' inferred
33658988	Table_1.xlsx	ST1	15-01169								daptomycin	=	2	R	mic_sign '=' inferred
33658988	Table_1.xlsx	ST1	15-01202								daptomycin	=	2	R	mic_sign '=' inferred
33658988	Table_1.xlsx	ST1	12-00014								daptomycin	=	1	S	mic_sign '=' inferred
33658988	Table_1.xlsx	ST1	13-01676								daptomycin	=	1	S	mic_sign '=' inferred
33658988	Table_1.xlsx	ST1	08-00141								daptomycin	=	0.5	S	mic_sign '=' inferred
33658988	Table_1.xlsx	ST1	10-01970								daptomycin	=	0.5	S	mic_sign '=' inferred
33658988	Table_1.xlsx	ST1	11-02779								daptomycin	=	0.5	S	mic_sign '=' inferred
33658988	Table_1.xlsx	ST1	11-02222								daptomycin	=	0.5	S	mic_sign '=' inferred
33658988	Table_1.xlsx	ST1	13-00543								daptomycin	=	0.5	S	mic_sign '=' inferred
33658988	Table_1.xlsx	ST1	13-01132								daptomycin	=	0.5	S	mic_sign '=' inferred
33658988	Table_1.xlsx	ST1	13-00983								daptomycin	=	0.5	S	mic_sign '=' inferred
33658988	Table_1.xlsx	ST1	13-03524								daptomycin	=	0.5	S	mic_sign '=' inferred
33658988	Table_1.xlsx	ST1	13-01538								daptomycin	=	0.5	S	mic_sign '=' inferred
33658988	Table_1.xlsx	ST1	14-00490								daptomycin	=	0.5	S	mic_sign '=' inferred
33658988	Table_1.xlsx	ST1	14-00561								daptomycin	=	0.5	S	mic_sign '=' inferred
33658988	Table_1.xlsx	ST1	13-03767								daptomycin	=	0.5	S	mic_sign '=' inferred
33658988	Table_1.xlsx	ST1	14-01760								daptomycin	=	0.5	S	mic_sign '=' inferred
33658988	Table_1.xlsx	ST1	14-02152-2								daptomycin	=	0.5	S	mic_sign '=' inferred
33658988	Table_1.xlsx	ST1	14-01705								daptomycin	=	0.5	S	mic_sign '=' inferred
33658988	Table_1.xlsx	ST1	14-02912								daptomycin	=	0.5	S	mic_sign '=' inferred
33658988	Table_1.xlsx	ST1	14-02943								daptomycin	=	0.5	S	mic_sign '=' inferred
33658988	Table_1.xlsx	ST1	14-00535								daptomycin	=	0.5	S	mic_sign '=' inferred
33658988	Table_1.xlsx	ST1	14-01017								daptomycin	=	0.5	S	mic_sign '=' inferred
33658988	Table_1.xlsx	ST1	14-03283								daptomycin	=	0.5	S	mic_sign '=' inferred
33658988	Table_1.xlsx	ST1	15-00702								daptomycin	=	0.5	S	mic_sign '=' inferred
33658988	Table_1.xlsx	ST1	15-00531								daptomycin	=	0.5	S	mic_sign '=' inferred
33658988	Table_1.xlsx	ST1	15-00387								daptomycin	=	0.5	S	mic_sign '=' inferred
33658988	Table_1.xlsx	ST1	15-00382								daptomycin	=	0.5	S	mic_sign '=' inferred
33658988	Table_1.xlsx	ST1	15-00826								daptomycin	=	0.5	S	mic_sign '=' inferred
33658988	Table_1.xlsx	ST1	15-00680								daptomycin	=	0.5	S	mic_sign '=' inferred
33658988	Table_1.xlsx	ST1	15-01873								daptomycin	=	0.5	S	mic_sign '=' inferred
33658988	Table_1.xlsx	ST1	15-01303								daptomycin	=	0.5	S	mic_sign '=' inferred
33658988	Table_1.xlsx	ST1	09-01101								daptomycin	=	0.25	S	mic_sign '=' inferred
33658988	Table_1.xlsx	ST1	09-00347								daptomycin	=	0.25	S	mic_sign '=' inferred
33658988	Table_1.xlsx	ST1	10-01243								daptomycin	=	0.25	S	mic_sign '=' inferred
33658988	Table_1.xlsx	ST1	10-00410								daptomycin	=	0.25	S	mic_sign '=' inferred
33658988	Table_1.xlsx	ST1	11-01772								daptomycin	=	0.25	S	mic_sign '=' inferred
33658988	Table_1.xlsx	ST1	12-03784								daptomycin	=	0.25	S	mic_sign '=' inferred
33658988	Table_1.xlsx	ST1	12-03831-2								daptomycin	=	0.25	S	mic_sign '=' inferred
33658988	Table_1.xlsx	ST1	12-03108								daptomycin	=	0.25	S	mic_sign '=' inferred
33658988	Table_1.xlsx	ST1	13-00896								daptomycin	=	0.25	S	mic_sign '=' inferred
33658988	Table_1.xlsx	ST1	13-01337								daptomycin	=	0.25	S	mic_sign '=' inferred
33658988	Table_1.xlsx	ST1	13-00373								daptomycin	=	0.25	S	mic_sign '=' inferred
33658988	Table_1.xlsx	ST1	13-03184								daptomycin	=	0.25	S	mic_sign '=' inferred
33658988	Table_1.xlsx	ST1	14-00046								daptomycin	=	0.25	S	mic_sign '=' inferred
33658988	Table_1.xlsx	ST1	14-00409								daptomycin	=	0.25	S	mic_sign '=' inferred
33658988	Table_1.xlsx	ST1	14-00671								daptomycin	=	0.25	S	mic_sign '=' inferred
33658988	Table_1.xlsx	ST1	14-00160								daptomycin	=	0.25	S	mic_sign '=' inferred
33658988	Table_1.xlsx	ST1	14-00482								daptomycin	=	0.25	S	mic_sign '=' inferred
33658988	Table_2.xlsx	ST2	12-03340								ceftarolin	=	1.0	S	mic_sign '=' inferred
33658988	Table_2.xlsx	ST2	12-03340								oxacillin	=	1	S	mic_sign '=' inferred
33658988	Table_2.xlsx	ST2	12-03341								ceftarolin	=	1.0	S	mic_sign '=' inferred
33658988	Table_2.xlsx	ST2	12-03341								oxacillin	=	32	R	mic_sign '=' inferred
33658988	Table_2.xlsx	ST2	12-03499								ceftarolin	=	1.0	S	mic_sign '=' inferred
33658988	Table_2.xlsx	ST2	12-03499								oxacillin	>	4	R	
33658988	Table_2.xlsx	ST2	06-00998								ceftarolin	=	0.5	S	mic_sign '=' inferred
33658988	Table_2.xlsx	ST2	06-00998								oxacillin	=	16	R	mic_sign '=' inferred
33658988	Table_2.xlsx	ST2	06-01624								ceftarolin	=	0.5	S	mic_sign '=' inferred
33658988	Table_2.xlsx	ST2	06-01624								oxacillin	=	32	R	mic_sign '=' inferred
33658988	Table_2.xlsx	ST2	12-02858-1								ceftarolin	=	0.5	S	mic_sign '=' inferred
33658988	Table_2.xlsx	ST2	12-02858-1								oxacillin	>	4	R	
33658988	Table_2.xlsx	ST2	10-03087								ceftarolin	=	0.5	S	mic_sign '=' inferred
33658988	Table_2.xlsx	ST2	10-03087								oxacillin	=	4	R	mic_sign '=' inferred
33658988	Table_2.xlsx	ST2	09-01718								ceftarolin	=	0.125	S	mic_sign '=' inferred
33658988	Table_2.xlsx	ST2	09-01718								oxacillin	=	1	S	mic_sign '=' inferred
33658988	Table_2.xlsx	ST2	09-03066								ceftarolin	=	0.125	S	mic_sign '=' inferred
33658988	Table_2.xlsx	ST2	09-03066								oxacillin	=	1	S	mic_sign '=' inferred
33658988	Table_2.xlsx	ST2	14-02900								ceftarolin	=	0.125	S	mic_sign '=' inferred
33658988	Table_2.xlsx	ST2	14-02900								oxacillin	=	1	S	mic_sign '=' inferred
33658988	Table_2.xlsx	ST2	12-01857								ceftarolin	=	0.125	S	mic_sign '=' inferred
33658988	Table_2.xlsx	ST2	12-01857								oxacillin	=	1	S	mic_sign '=' inferred
33658988	Table_2.xlsx	ST2	14-01092								ceftarolin	=	0.125	S	mic_sign '=' inferred
33658988	Table_2.xlsx	ST2	14-01092								oxacillin	=	1	S	mic_sign '=' inferred
33658988	Table_2.xlsx	ST2	12-03136								ceftarolin	=	2.0	R	mic_sign '=' inferred
33658988	Table_2.xlsx	ST2	12-03136								oxacillin	=	64	R	mic_sign '=' inferred
33658988	Table_2.xlsx	ST2	16-02942								ceftarolin	=	1.0	S	mic_sign '=' inferred
33658988	Table_2.xlsx	ST2	16-02942								oxacillin	=	16	R	mic_sign '=' inferred
33658988	Table_2.xlsx	ST2	16-02658								ceftarolin	=	0.5	S	mic_sign '=' inferred
33658988	Table_2.xlsx	ST2	16-02658								oxacillin	=	32	R	mic_sign '=' inferred
33658988	Table_2.xlsx	ST2	12-02278								ceftarolin	=	2.0	R	mic_sign '=' inferred
33658988	Table_2.xlsx	ST2	12-02278								oxacillin	=	128	R	mic_sign '=' inferred
33658988	Table_2.xlsx	ST2	12-02289								ceftarolin	=	2.0	R	mic_sign '=' inferred
33658988	Table_2.xlsx	ST2	12-02289								oxacillin	=	96	R	mic_sign '=' inferred
33658988	Table_2.xlsx	ST2	12-02755								ceftarolin	=	2.0	R	mic_sign '=' inferred
33658988	Table_2.xlsx	ST2	12-02755								oxacillin	=	128	R	mic_sign '=' inferred
33658988	Table_2.xlsx	ST2	12-02846								ceftarolin	=	2.0	R	mic_sign '=' inferred
33658988	Table_2.xlsx	ST2	12-02846								oxacillin	=	128	R	mic_sign '=' inferred
33658988	Table_2.xlsx	ST2	12-02895								ceftarolin	=	2.0	R	mic_sign '=' inferred
33658988	Table_2.xlsx	ST2	12-02895								oxacillin	=	256	R	mic_sign '=' inferred
33658988	Table_2.xlsx	ST2	12-03081								ceftarolin	=	2.0	R	mic_sign '=' inferred
33658988	Table_2.xlsx	ST2	12-03081								oxacillin	=	128	R	mic_sign '=' inferred
33658988	Table_2.xlsx	ST2	12-03139								ceftarolin	=	2.0	R	mic_sign '=' inferred
33658988	Table_2.xlsx	ST2	12-03139								oxacillin	=	128	R	mic_sign '=' inferred
33658988	Table_2.xlsx	ST2	12-03561-1								ceftarolin	=	2.0	R	mic_sign '=' inferred
33658988	Table_2.xlsx	ST2	12-03561-1								oxacillin	=	1024	R	mic_sign '=' inferred
33658988	Table_2.xlsx	ST2	12-02600								ceftarolin	=	2.0	R	mic_sign '=' inferred
33658988	Table_2.xlsx	ST2	12-02600								oxacillin	=	512	R	mic_sign '=' inferred
33658988	Table_2.xlsx	ST2	12-02888								ceftarolin	=	2.0	R	mic_sign '=' inferred
33658988	Table_2.xlsx	ST2	12-02888								oxacillin	=	64	R	mic_sign '=' inferred
33658988	Table_2.xlsx	ST2	12-02461								ceftarolin	=	1.0	S	mic_sign '=' inferred
33658988	Table_2.xlsx	ST2	12-02461								oxacillin	=	32	R	mic_sign '=' inferred
33658988	Table_2.xlsx	ST2	12-02856								ceftarolin	=	1.0	S	mic_sign '=' inferred
33658988	Table_2.xlsx	ST2	12-02856								oxacillin	=	128	R	mic_sign '=' inferred
33658988	Table_2.xlsx	ST2	16-03048								ceftarolin	=	1.0	S	mic_sign '=' inferred
33658988	Table_2.xlsx	ST2	16-03048								oxacillin	=	34	R	mic_sign '=' inferred
33658988	Table_2.xlsx	ST2	16-02541-1								ceftarolin	=	0.25	S	mic_sign '=' inferred
33658988	Table_2.xlsx	ST2	16-02541-1								oxacillin	=	1	S	mic_sign '=' inferred
33658988	Table_2.xlsx	ST2	11-02017								ceftarolin	=	0.25	S	mic_sign '=' inferred
33658988	Table_2.xlsx	ST2	11-02017								oxacillin	=	1	S	mic_sign '=' inferred
33658988	Table_2.xlsx	ST2	11-03477-1								ceftarolin	=	0.25	S	mic_sign '=' inferred
33658988	Table_2.xlsx	ST2	11-03477-1								oxacillin	=	1	S	mic_sign '=' inferred
33658988	Table_2.xlsx	ST2	14-01528								ceftarolin	=	0.25	S	mic_sign '=' inferred
33658988	Table_2.xlsx	ST2	14-01528								oxacillin	=	1	S	mic_sign '=' inferred
33658988	Table_2.xlsx	ST2	10-00598								ceftarolin	=	0.125	S	mic_sign '=' inferred
33658988	Table_2.xlsx	ST2	10-00598								oxacillin	=	1	S	mic_sign '=' inferred
33658988	Table_2.xlsx	ST2	10-01482								ceftarolin	=	0.125	S	mic_sign '=' inferred
33658988	Table_2.xlsx	ST2	10-01482								oxacillin	=	1	S	mic_sign '=' inferred
33658988	Table_2.xlsx	ST2	12-02956								ceftarolin	=	2.0	R	mic_sign '=' inferred
33658988	Table_2.xlsx	ST2	12-02956								oxacillin	=	32	R	mic_sign '=' inferred
33658988	Table_2.xlsx	ST2	12-03280								ceftarolin	=	1.0	S	mic_sign '=' inferred
33658988	Table_2.xlsx	ST2	12-03280								oxacillin	=	1	S	mic_sign '=' inferred
33658988	Table_2.xlsx	ST2	14-02150								ceftarolin	=	0.5	S	mic_sign '=' inferred
33658988	Table_2.xlsx	ST2	14-02150								oxacillin	=	16	R	mic_sign '=' inferred
33658988	Table_2.xlsx	ST2	08-00271								ceftarolin	=	0.125	S	mic_sign '=' inferred
33658988	Table_2.xlsx	ST2	08-00271								oxacillin	=	1	S	mic_sign '=' inferred
33658988	Table_2.xlsx	ST2	15-02439								ceftarolin	=	0.063	S	mic_sign '=' inferred
33658988	Table_2.xlsx	ST2	15-02439								oxacillin	=	1	S	mic_sign '=' inferred
33658988	Table_2.xlsx	ST2	12-02028								ceftarolin	=	0.063	S	mic_sign '=' inferred
33658988	Table_2.xlsx	ST2	12-02028								oxacillin	=	1	S	mic_sign '=' inferred
33658988	Table_2.xlsx	ST2	10-00249								ceftarolin	=	4.0	R	mic_sign '=' inferred
33658988	Table_2.xlsx	ST2	10-00249								oxacillin	=	1024	R	mic_sign '=' inferred
33658988	Table_2.xlsx	ST2	10-00729								ceftarolin	=	4.0	R	mic_sign '=' inferred
33658988	Table_2.xlsx	ST2	10-00729								oxacillin	=	1024	R	mic_sign '=' inferred
33658988	Table_2.xlsx	ST2	10-02919								ceftarolin	=	4.0	R	mic_sign '=' inferred
33658988	Table_2.xlsx	ST2	10-02919								oxacillin	=	1024	R	mic_sign '=' inferred
33658988	Table_2.xlsx	ST2	12-00490								ceftarolin	=	4.0	R	mic_sign '=' inferred
33658988	Table_2.xlsx	ST2	12-00490								oxacillin	=	1024	R	mic_sign '=' inferred
33658988	Table_2.xlsx	ST2	11-02667								ceftarolin	=	4.0	R	mic_sign '=' inferred
33658988	Table_2.xlsx	ST2	11-02667								oxacillin	=	1024	R	mic_sign '=' inferred
33658988	Table_2.xlsx	ST2	12-00264								ceftarolin	=	4.0	R	mic_sign '=' inferred
33658988	Table_2.xlsx	ST2	12-00264								oxacillin	=	1024	R	mic_sign '=' inferred
33658988	Table_2.xlsx	ST2	10-01267								ceftarolin	=	4.0	R	mic_sign '=' inferred
33658988	Table_2.xlsx	ST2	10-01267								oxacillin	=	1024	R	mic_sign '=' inferred
33658988	Table_2.xlsx	ST2	14-01734								ceftarolin	=	4.0	R	mic_sign '=' inferred
33658988	Table_2.xlsx	ST2	14-01734								oxacillin	=	512	R	mic_sign '=' inferred
33658988	Table_2.xlsx	ST2	10-00329								ceftarolin	=	0.125	S	mic_sign '=' inferred
33658988	Table_2.xlsx	ST2	10-00329								oxacillin	=	1	S	mic_sign '=' inferred
33658988	Table_2.xlsx	ST2	12-02627								ceftarolin	=	4.0	R	mic_sign '=' inferred
33658988	Table_2.xlsx	ST2	12-02627								oxacillin	=	1024	R	mic_sign '=' inferred
33658988	Table_2.xlsx	ST2	12-02354								ceftarolin	=	2.0	R	mic_sign '=' inferred
33658988	Table_2.xlsx	ST2	12-02354								oxacillin	=	256	R	mic_sign '=' inferred
33658988	Table_2.xlsx	ST2	12-02813								ceftarolin	=	2.0	R	mic_sign '=' inferred
33658988	Table_2.xlsx	ST2	12-02813								oxacillin	=	1024	R	mic_sign '=' inferred
33658988	Table_2.xlsx	ST2	12-02973								ceftarolin	=	2.0	R	mic_sign '=' inferred
33658988	Table_2.xlsx	ST2	12-02973								oxacillin	=	64	R	mic_sign '=' inferred
33658988	Table_2.xlsx	ST2	12-03094								ceftarolin	=	2.0	R	mic_sign '=' inferred
33658988	Table_2.xlsx	ST2	12-03094								oxacillin	=	96	R	mic_sign '=' inferred
33658988	Table_2.xlsx	ST2	12-03546								ceftarolin	=	2.0	R	mic_sign '=' inferred
33658988	Table_2.xlsx	ST2	12-03546								oxacillin	=	128	R	mic_sign '=' inferred
33658988	Table_2.xlsx	ST2	14-03505								ceftarolin	=	1.0	S	mic_sign '=' inferred
33658988	Table_2.xlsx	ST2	14-03505								oxacillin	=	128	R	mic_sign '=' inferred
33658988	Table_2.xlsx	ST2	12-02225								ceftarolin	=	1.0	S	mic_sign '=' inferred
33658988	Table_2.xlsx	ST2	12-02225								oxacillin	=	128	R	mic_sign '=' inferred
33658988	Table_2.xlsx	ST2	12-02230								ceftarolin	=	1.0	S	mic_sign '=' inferred
33658988	Table_2.xlsx	ST2	12-02230								oxacillin	=	32	R	mic_sign '=' inferred
33658988	Table_2.xlsx	ST2	12-02870								ceftarolin	=	1.0	S	mic_sign '=' inferred
33658988	Table_2.xlsx	ST2	12-02870								oxacillin	=	8	R	mic_sign '=' inferred
33658988	Table_2.xlsx	ST2	12-03115								ceftarolin	=	1.0	S	mic_sign '=' inferred
33658988	Table_2.xlsx	ST2	12-03115								oxacillin	>	4	R	
33658988	Table_2.xlsx	ST2	12-02427-1								ceftarolin	=	0.5	S	mic_sign '=' inferred
33658988	Table_2.xlsx	ST2	12-02427-1								oxacillin	>	4	R	
33658988	Table_2.xlsx	ST2	12-00046								ceftarolin	=	0.25	S	mic_sign '=' inferred
33658988	Table_2.xlsx	ST2	12-00046								oxacillin	=	1	S	mic_sign '=' inferred
33658988	Table_2.xlsx	ST2	98-01155-2								ceftarolin	=	4.0	R	mic_sign '=' inferred
33658988	Table_2.xlsx	ST2	98-01155-2								oxacillin	=	1024	R	mic_sign '=' inferred
33658988	Table_2.xlsx	ST2	11-00453								ceftarolin	=	4.0	R	mic_sign '=' inferred
33658988	Table_2.xlsx	ST2	11-00453								oxacillin	=	1024	R	mic_sign '=' inferred
33658988	Table_2.xlsx	ST2	99-00653								ceftarolin	=	4.0	R	mic_sign '=' inferred
33658988	Table_2.xlsx	ST2	99-00653								oxacillin	=	512	R	mic_sign '=' inferred
33658988	Table_2.xlsx	ST2	12-02831								ceftarolin	=	4.0	R	mic_sign '=' inferred
33658988	Table_2.xlsx	ST2	12-02831								oxacillin	=	1024	R	mic_sign '=' inferred
33658988	Table_2.xlsx	ST2	12-00567								ceftarolin	=	4.0	R	mic_sign '=' inferred
33658988	Table_2.xlsx	ST2	12-00567								oxacillin	=	1024	R	mic_sign '=' inferred
33658988	Table_2.xlsx	ST2	10-00777								ceftarolin	=	2.0	R	mic_sign '=' inferred
33658988	Table_2.xlsx	ST2	10-00777								oxacillin	=	512	R	mic_sign '=' inferred
33658988	Table_2.xlsx	ST2	02-03179								ceftarolin	=	2.0	R	mic_sign '=' inferred
33658988	Table_2.xlsx	ST2	02-03179								oxacillin	=	1024	R	mic_sign '=' inferred
33658988	Table_2.xlsx	ST2	10-01257-2								ceftarolin	=	2.0	R	mic_sign '=' inferred
33658988	Table_2.xlsx	ST2	10-01257-2								oxacillin	=	1024	R	mic_sign '=' inferred
33658988	Table_2.xlsx	ST2	10-01263								ceftarolin	=	2.0	R	mic_sign '=' inferred
33658988	Table_2.xlsx	ST2	10-01263								oxacillin	=	512	R	mic_sign '=' inferred
33658988	Table_2.xlsx	ST2	11-00668								ceftarolin	=	2.0	R	mic_sign '=' inferred
33658988	Table_2.xlsx	ST2	11-00668								oxacillin	=	1024	R	mic_sign '=' inferred
33658988	Table_2.xlsx	ST2	11-03330								ceftarolin	=	1.0	S	mic_sign '=' inferred
33658988	Table_2.xlsx	ST2	11-03330								oxacillin	=	1	S	mic_sign '=' inferred
33658988	Table_2.xlsx	ST2	12-02057-2								ceftarolin	=	4.0	R	mic_sign '=' inferred
33658988	Table_2.xlsx	ST2	12-02057-2								oxacillin	=	512	R	mic_sign '=' inferred
33658988	Table_2.xlsx	ST2	12-03222								ceftarolin	=	4.0	R	mic_sign '=' inferred
33658988	Table_2.xlsx	ST2	12-03222								oxacillin	=	1024	R	mic_sign '=' inferred
33658988	Table_2.xlsx	ST2	12-02408-1								ceftarolin	=	4.0	R	mic_sign '=' inferred
33658988	Table_2.xlsx	ST2	12-02408-1								oxacillin	=	1024	R	mic_sign '=' inferred
33658988	Table_2.xlsx	ST2	08-01162-2								ceftarolin	=	4.0	R	mic_sign '=' inferred
33658988	Table_2.xlsx	ST2	08-01162-2								oxacillin	=	1024	R	mic_sign '=' inferred
33658988	Table_2.xlsx	ST2	10-01507								ceftarolin	=	2.0	R	mic_sign '=' inferred
33658988	Table_2.xlsx	ST2	10-01507								oxacillin	=	512	R	mic_sign '=' inferred
33658988	Table_2.xlsx	ST2	12-01456-2								ceftarolin	=	2.0	R	mic_sign '=' inferred
33658988	Table_2.xlsx	ST2	12-01456-2								oxacillin	=	512	R	mic_sign '=' inferred
33658988	Table_2.xlsx	ST2	09-00215								ceftarolin	=	1.0	S	mic_sign '=' inferred
33658988	Table_2.xlsx	ST2	09-00215								oxacillin	=	3	S	mic_sign '=' inferred
33658988	Table_2.xlsx	ST2	09-00212								ceftarolin	=	0.5	S	mic_sign '=' inferred
33658988	Table_2.xlsx	ST2	09-00212								oxacillin	=	128	R	mic_sign '=' inferred
33658988	Table_2.xlsx	ST2	11-01226								ceftarolin	=	0.25	S	mic_sign '=' inferred
33658988	Table_2.xlsx	ST2	11-01226								oxacillin	=	1	S	mic_sign '=' inferred
33658988	Table_2.xlsx	ST2	10-00856								ceftarolin	=	0.5	S	mic_sign '=' inferred
33658988	Table_2.xlsx	ST2	10-00856								oxacillin	=	8	R	mic_sign '=' inferred
33658988	Table_2.xlsx	ST2	12-03411								ceftarolin	=	4.0	R	mic_sign '=' inferred
33658988	Table_2.xlsx	ST2	12-03411								oxacillin	=	512	R	mic_sign '=' inferred
33658988	Table_2.xlsx	ST2	15-01585								ceftarolin	=	0.125	S	mic_sign '=' inferred
33658988	Table_2.xlsx	ST2	15-01585								oxacillin	=	1	S	mic_sign '=' inferred
33658988	Table_2.xlsx	ST2	12-03317								ceftarolin	=	4.0	R	mic_sign '=' inferred
33658988	Table_2.xlsx	ST2	12-03317								oxacillin	=	1024	R	mic_sign '=' inferred
33658988	Table_2.xlsx	ST2	16-02597								ceftarolin	=	0.5	S	mic_sign '=' inferred
33658988	Table_2.xlsx	ST2	16-02597								oxacillin	=	32	R	mic_sign '=' inferred
33658988	Table_5.xlsx	Tabelle1	12-03340								ceftaroline	=	1.0	S	mic_sign '=' inferred
33658988	Table_5.xlsx	Tabelle1	12-03340								ciprofloxacin			S	
33658988	Table_5.xlsx	Tabelle1	12-03341								ceftaroline	=	1.0	S	mic_sign '=' inferred
33658988	Table_5.xlsx	Tabelle1	12-03341								ciprofloxacin			S	
33658988	Table_5.xlsx	Tabelle1	12-03499								ceftaroline	=	1.0	S	mic_sign '=' inferred
33658988	Table_5.xlsx	Tabelle1	12-03499								ciprofloxacin			S	
33658988	Table_5.xlsx	Tabelle1	06-00998								ceftaroline	=	0.5	S	mic_sign '=' inferred
33658988	Table_5.xlsx	Tabelle1	06-00998								ciprofloxacin			S	
33658988	Table_5.xlsx	Tabelle1	06-01624								ceftaroline	=	0.5	S	mic_sign '=' inferred
33658988	Table_5.xlsx	Tabelle1	06-01624								ciprofloxacin			R	
33658988	Table_5.xlsx	Tabelle1	12-02858-1								ceftaroline	=	0.5	S	mic_sign '=' inferred
33658988	Table_5.xlsx	Tabelle1	12-02858-1								ciprofloxacin			R	
33658988	Table_5.xlsx	Tabelle1	10-03087								ceftaroline	=	0.5	S	mic_sign '=' inferred
33658988	Table_5.xlsx	Tabelle1	10-03087								ciprofloxacin			R	
33658988	Table_5.xlsx	Tabelle1	09-01718								ceftaroline	=	0.125	S	mic_sign '=' inferred
33658988	Table_5.xlsx	Tabelle1	09-01718								ciprofloxacin			S	
33658988	Table_5.xlsx	Tabelle1	09-03066								ceftaroline	=	0.125	S	mic_sign '=' inferred
33658988	Table_5.xlsx	Tabelle1	09-03066								ciprofloxacin			S	
33658988	Table_5.xlsx	Tabelle1	14-02900								ceftaroline	=	0.125	S	mic_sign '=' inferred
33658988	Table_5.xlsx	Tabelle1	14-02900								ciprofloxacin			S	
33658988	Table_5.xlsx	Tabelle1	12-01857								ceftaroline	=	0.125	S	mic_sign '=' inferred
33658988	Table_5.xlsx	Tabelle1	12-01857								ciprofloxacin			S	
33658988	Table_5.xlsx	Tabelle1	14-01092								ceftaroline	=	0.125	S	mic_sign '=' inferred
33658988	Table_5.xlsx	Tabelle1	14-01092								ciprofloxacin			S	
33658988	Table_5.xlsx	Tabelle1	12-03136								ceftaroline	=	2.0	R	mic_sign '=' inferred
33658988	Table_5.xlsx	Tabelle1	12-03136								ciprofloxacin			S	
33658988	Table_5.xlsx	Tabelle1	16-02942								ceftaroline	=	1.0	S	mic_sign '=' inferred
33658988	Table_5.xlsx	Tabelle1	16-02942								ciprofloxacin			R	
33658988	Table_5.xlsx	Tabelle1	16-02658								ceftaroline	=	0.5	S	mic_sign '=' inferred
33658988	Table_5.xlsx	Tabelle1	16-02658								ciprofloxacin			R	
33658988	Table_5.xlsx	Tabelle1	12-02278								ceftaroline	=	2.0	R	mic_sign '=' inferred
33658988	Table_5.xlsx	Tabelle1	12-02278								ciprofloxacin			R	
33658988	Table_5.xlsx	Tabelle1	12-02289								ceftaroline	=	2.0	R	mic_sign '=' inferred
33658988	Table_5.xlsx	Tabelle1	12-02289								ciprofloxacin			R	
33658988	Table_5.xlsx	Tabelle1	12-02755								ceftaroline	=	2.0	R	mic_sign '=' inferred
33658988	Table_5.xlsx	Tabelle1	12-02755								ciprofloxacin			R	
33658988	Table_5.xlsx	Tabelle1	12-02846								ceftaroline	=	2.0	R	mic_sign '=' inferred
33658988	Table_5.xlsx	Tabelle1	12-02846								ciprofloxacin			R	
33658988	Table_5.xlsx	Tabelle1	12-02895								ceftaroline	=	2.0	R	mic_sign '=' inferred
33658988	Table_5.xlsx	Tabelle1	12-02895								ciprofloxacin			R	
33658988	Table_5.xlsx	Tabelle1	12-03081								ceftaroline	=	2.0	R	mic_sign '=' inferred
33658988	Table_5.xlsx	Tabelle1	12-03081								ciprofloxacin			R	
33658988	Table_5.xlsx	Tabelle1	12-03139								ceftaroline	=	2.0	R	mic_sign '=' inferred
33658988	Table_5.xlsx	Tabelle1	12-03139								ciprofloxacin			R	
33658988	Table_5.xlsx	Tabelle1	12-03561-1								ceftaroline	=	2.0	R	mic_sign '=' inferred
33658988	Table_5.xlsx	Tabelle1	12-03561-1								ciprofloxacin			R	
33658988	Table_5.xlsx	Tabelle1	12-02600								ceftaroline	=	2.0	R	mic_sign '=' inferred
33658988	Table_5.xlsx	Tabelle1	12-02600								ciprofloxacin			R	
33658988	Table_5.xlsx	Tabelle1	12-02888								ceftaroline	=	2.0	R	mic_sign '=' inferred
33658988	Table_5.xlsx	Tabelle1	12-02888								ciprofloxacin			R	
33658988	Table_5.xlsx	Tabelle1	12-02461								ceftaroline	=	1.0	S	mic_sign '=' inferred
33658988	Table_5.xlsx	Tabelle1	12-02461								ciprofloxacin			R	
33658988	Table_5.xlsx	Tabelle1	12-02856								ceftaroline	=	1.0	S	mic_sign '=' inferred
33658988	Table_5.xlsx	Tabelle1	12-02856								ciprofloxacin			R	
33658988	Table_5.xlsx	Tabelle1	16-03048								ceftaroline	=	1.0	S	mic_sign '=' inferred
33658988	Table_5.xlsx	Tabelle1	16-03048								ciprofloxacin			R	
33658988	Table_5.xlsx	Tabelle1	16-02541-1								ceftaroline	=	0.25	S	mic_sign '=' inferred
33658988	Table_5.xlsx	Tabelle1	16-02541-1								ciprofloxacin			S	
33658988	Table_5.xlsx	Tabelle1	11-02017								ceftaroline	=	0.25	S	mic_sign '=' inferred
33658988	Table_5.xlsx	Tabelle1	11-02017								ciprofloxacin			S	
33658988	Table_5.xlsx	Tabelle1	11-03477-1								ceftaroline	=	0.25	S	mic_sign '=' inferred
33658988	Table_5.xlsx	Tabelle1	11-03477-1								ciprofloxacin			S	
33658988	Table_5.xlsx	Tabelle1	14-01528								ceftaroline	=	0.25	S	mic_sign '=' inferred
33658988	Table_5.xlsx	Tabelle1	14-01528								ciprofloxacin			S	
33658988	Table_5.xlsx	Tabelle1	10-00598								ceftaroline	=	0.125	S	mic_sign '=' inferred
33658988	Table_5.xlsx	Tabelle1	10-00598								ciprofloxacin			S	
33658988	Table_5.xlsx	Tabelle1	10-01482								ceftaroline	=	0.125	S	mic_sign '=' inferred
33658988	Table_5.xlsx	Tabelle1	10-01482								ciprofloxacin			S	
33658988	Table_5.xlsx	Tabelle1	12-02956								ceftaroline	=	2.0	R	mic_sign '=' inferred
33658988	Table_5.xlsx	Tabelle1	12-02956								ciprofloxacin			S	
33658988	Table_5.xlsx	Tabelle1	12-03280								ceftaroline	=	1.0	S	mic_sign '=' inferred
33658988	Table_5.xlsx	Tabelle1	12-03280								ciprofloxacin			S	
33658988	Table_5.xlsx	Tabelle1	14-02150								ceftaroline	=	0.5	S	mic_sign '=' inferred
33658988	Table_5.xlsx	Tabelle1	14-02150								ciprofloxacin			S	
33658988	Table_5.xlsx	Tabelle1	08-00271								ceftaroline	=	0.125	S	mic_sign '=' inferred
33658988	Table_5.xlsx	Tabelle1	08-00271								ciprofloxacin			S	
33658988	Table_5.xlsx	Tabelle1	15-02439								ceftaroline	=	0.063	S	mic_sign '=' inferred
33658988	Table_5.xlsx	Tabelle1	15-02439								ciprofloxacin			S	
33658988	Table_5.xlsx	Tabelle1	12-02028								ceftaroline	=	0.063	S	mic_sign '=' inferred
33658988	Table_5.xlsx	Tabelle1	12-02028								ciprofloxacin			S	
33658988	Table_5.xlsx	Tabelle1	10-00249								ceftaroline	=	4.0	R	mic_sign '=' inferred
33658988	Table_5.xlsx	Tabelle1	10-00249								ciprofloxacin			R	
33658988	Table_5.xlsx	Tabelle1	10-00729								ceftaroline	=	4.0	R	mic_sign '=' inferred
33658988	Table_5.xlsx	Tabelle1	10-00729								ciprofloxacin			R	
33658988	Table_5.xlsx	Tabelle1	10-02919								ceftaroline	=	4.0	R	mic_sign '=' inferred
33658988	Table_5.xlsx	Tabelle1	10-02919								ciprofloxacin			R	
33658988	Table_5.xlsx	Tabelle1	12-00490								ceftaroline	=	4.0	R	mic_sign '=' inferred
33658988	Table_5.xlsx	Tabelle1	12-00490								ciprofloxacin			R	
33658988	Table_5.xlsx	Tabelle1	11-02667								ceftaroline	=	4.0	R	mic_sign '=' inferred
33658988	Table_5.xlsx	Tabelle1	11-02667								ciprofloxacin			R	
33658988	Table_5.xlsx	Tabelle1	12-00264								ceftaroline	=	4.0	R	mic_sign '=' inferred
33658988	Table_5.xlsx	Tabelle1	12-00264								ciprofloxacin			R	
33658988	Table_5.xlsx	Tabelle1	10-01267								ceftaroline	=	4.0	R	mic_sign '=' inferred
33658988	Table_5.xlsx	Tabelle1	10-01267								ciprofloxacin			R	
33658988	Table_5.xlsx	Tabelle1	14-01734								ceftaroline	=	4.0	R	mic_sign '=' inferred
33658988	Table_5.xlsx	Tabelle1	14-01734								ciprofloxacin			R	
33658988	Table_5.xlsx	Tabelle1	10-00329								ceftaroline	=	0.125	S	mic_sign '=' inferred
33658988	Table_5.xlsx	Tabelle1	10-00329								ciprofloxacin			S	
33658988	Table_5.xlsx	Tabelle1	12-02627								ceftaroline	=	4.0	R	mic_sign '=' inferred
33658988	Table_5.xlsx	Tabelle1	12-02627								ciprofloxacin			R	
33658988	Table_5.xlsx	Tabelle1	12-02354								ceftaroline	=	2.0	R	mic_sign '=' inferred
33658988	Table_5.xlsx	Tabelle1	12-02354								ciprofloxacin			R	
33658988	Table_5.xlsx	Tabelle1	12-02813								ceftaroline	=	2.0	R	mic_sign '=' inferred
33658988	Table_5.xlsx	Tabelle1	12-02813								ciprofloxacin			R	
33658988	Table_5.xlsx	Tabelle1	12-02973								ceftaroline	=	2.0	R	mic_sign '=' inferred
33658988	Table_5.xlsx	Tabelle1	12-02973								ciprofloxacin			R	
33658988	Table_5.xlsx	Tabelle1	12-03094								ceftaroline	=	2.0	R	mic_sign '=' inferred
33658988	Table_5.xlsx	Tabelle1	12-03094								ciprofloxacin			R	
33658988	Table_5.xlsx	Tabelle1	12-03546								ceftaroline	=	2.0	R	mic_sign '=' inferred
33658988	Table_5.xlsx	Tabelle1	12-03546								ciprofloxacin			R	
33658988	Table_5.xlsx	Tabelle1	14-03505								ceftaroline	=	1.0	S	mic_sign '=' inferred
33658988	Table_5.xlsx	Tabelle1	14-03505								ciprofloxacin			R	
33658988	Table_5.xlsx	Tabelle1	12-02225								ceftaroline	=	1.0	S	mic_sign '=' inferred
33658988	Table_5.xlsx	Tabelle1	12-02225								ciprofloxacin			R	
33658988	Table_5.xlsx	Tabelle1	12-02230								ceftaroline	=	1.0	S	mic_sign '=' inferred
33658988	Table_5.xlsx	Tabelle1	12-02230								ciprofloxacin			R	
33658988	Table_5.xlsx	Tabelle1	12-02870								ceftaroline	=	1.0	S	mic_sign '=' inferred
33658988	Table_5.xlsx	Tabelle1	12-02870								ciprofloxacin			R	
33658988	Table_5.xlsx	Tabelle1	12-03115								ceftaroline	=	1.0	S	mic_sign '=' inferred
33658988	Table_5.xlsx	Tabelle1	12-03115								ciprofloxacin			R	
33658988	Table_5.xlsx	Tabelle1	12-02427-1								ceftaroline	=	0.5	S	mic_sign '=' inferred
33658988	Table_5.xlsx	Tabelle1	12-02427-1								ciprofloxacin			R	
33658988	Table_5.xlsx	Tabelle1	12-00046								ceftaroline	=	0.25	S	mic_sign '=' inferred
33658988	Table_5.xlsx	Tabelle1	12-00046								ciprofloxacin			S	
33658988	Table_5.xlsx	Tabelle1	98-01155-2								ceftaroline	=	4.0	R	mic_sign '=' inferred
33658988	Table_5.xlsx	Tabelle1	98-01155-2								ciprofloxacin			R	
33658988	Table_5.xlsx	Tabelle1	11-00453								ceftaroline	=	4.0	R	mic_sign '=' inferred
33658988	Table_5.xlsx	Tabelle1	11-00453								ciprofloxacin			R	
33658988	Table_5.xlsx	Tabelle1	99-00653								ceftaroline	=	4.0	R	mic_sign '=' inferred
33658988	Table_5.xlsx	Tabelle1	99-00653								ciprofloxacin			R	
33658988	Table_5.xlsx	Tabelle1	12-02831								ceftaroline	=	4.0	R	mic_sign '=' inferred
33658988	Table_5.xlsx	Tabelle1	12-02831								ciprofloxacin			R	
33658988	Table_5.xlsx	Tabelle1	12-00567								ceftaroline	=	4.0	R	mic_sign '=' inferred
33658988	Table_5.xlsx	Tabelle1	12-00567								ciprofloxacin			R	
33658988	Table_5.xlsx	Tabelle1	10-00777								ceftaroline	=	2.0	R	mic_sign '=' inferred
33658988	Table_5.xlsx	Tabelle1	10-00777								ciprofloxacin			R	
33658988	Table_5.xlsx	Tabelle1	02-03179								ceftaroline	=	2.0	R	mic_sign '=' inferred
33658988	Table_5.xlsx	Tabelle1	02-03179								ciprofloxacin			R	
33658988	Table_5.xlsx	Tabelle1	10-01257-2								ceftaroline	=	2.0	R	mic_sign '=' inferred
33658988	Table_5.xlsx	Tabelle1	10-01257-2								ciprofloxacin			R	
33658988	Table_5.xlsx	Tabelle1	10-01263								ceftaroline	=	2.0	R	mic_sign '=' inferred
33658988	Table_5.xlsx	Tabelle1	10-01263								ciprofloxacin			R	
33658988	Table_5.xlsx	Tabelle1	11-00668								ceftaroline	=	2.0	R	mic_sign '=' inferred
33658988	Table_5.xlsx	Tabelle1	11-00668								ciprofloxacin			R	
33658988	Table_5.xlsx	Tabelle1	11-03330								ceftaroline	=	1.0	S	mic_sign '=' inferred
33658988	Table_5.xlsx	Tabelle1	11-03330								ciprofloxacin			R	
33658988	Table_5.xlsx	Tabelle1	12-02057-2								ceftaroline	=	4.0	R	mic_sign '=' inferred
33658988	Table_5.xlsx	Tabelle1	12-02057-2								ciprofloxacin			R	
33658988	Table_5.xlsx	Tabelle1	12-03222								ceftaroline	=	4.0	R	mic_sign '=' inferred
33658988	Table_5.xlsx	Tabelle1	12-03222								ciprofloxacin			R	
33658988	Table_5.xlsx	Tabelle1	12-02408-1								ceftaroline	=	4.0	R	mic_sign '=' inferred
33658988	Table_5.xlsx	Tabelle1	12-02408-1								ciprofloxacin			R	
33658988	Table_5.xlsx	Tabelle1	08-01162-2								ceftaroline	=	4.0	R	mic_sign '=' inferred
33658988	Table_5.xlsx	Tabelle1	08-01162-2								ciprofloxacin			R	
33658988	Table_5.xlsx	Tabelle1	10-01507								ceftaroline	=	2.0	R	mic_sign '=' inferred
33658988	Table_5.xlsx	Tabelle1	10-01507								ciprofloxacin			R	
33658988	Table_5.xlsx	Tabelle1	12-01456-2								ceftaroline	=	2.0	R	mic_sign '=' inferred
33658988	Table_5.xlsx	Tabelle1	12-01456-2								ciprofloxacin			R	
33658988	Table_5.xlsx	Tabelle1	09-00215								ceftaroline	=	1.0	S	mic_sign '=' inferred
33658988	Table_5.xlsx	Tabelle1	09-00215								ciprofloxacin			S	
33658988	Table_5.xlsx	Tabelle1	09-00212								ceftaroline	=	0.5	S	mic_sign '=' inferred
33658988	Table_5.xlsx	Tabelle1	09-00212								ciprofloxacin			R	
33658988	Table_5.xlsx	Tabelle1	11-01226								ceftaroline	=	0.25	S	mic_sign '=' inferred
33658988	Table_5.xlsx	Tabelle1	11-01226								ciprofloxacin			S	
33658988	Table_5.xlsx	Tabelle1	10-00856								ceftaroline	=	0.5	S	mic_sign '=' inferred
33658988	Table_5.xlsx	Tabelle1	10-00856								ciprofloxacin			S	
33658988	Table_5.xlsx	Tabelle1	12-03411								ceftaroline	=	4.0	R	mic_sign '=' inferred
33658988	Table_5.xlsx	Tabelle1	12-03411								ciprofloxacin			R	
33658988	Table_5.xlsx	Tabelle1	15-01585								ceftaroline	=	0.125	S	mic_sign '=' inferred
33658988	Table_5.xlsx	Tabelle1	15-01585								ciprofloxacin			S	
33658988	Table_5.xlsx	Tabelle1	12-03317								ceftaroline	=	4.0	R	mic_sign '=' inferred
33658988	Table_5.xlsx	Tabelle1	12-03317								ciprofloxacin			R	
33658988	Table_5.xlsx	Tabelle1	16-02597								ceftaroline	=	0.5	S	mic_sign '=' inferred
33658988	Table_5.xlsx	Tabelle1	16-02597								ciprofloxacin			R	
33658988	Table_6.xlsx	ST2	12-03340								ceftaroline	=	1.0	S	mic_sign '=' inferred
33658988	Table_6.xlsx	ST2	12-03341								ceftaroline	=	1.0	S	mic_sign '=' inferred
33658988	Table_6.xlsx	ST2	12-03499								ceftaroline	=	1.0	S	mic_sign '=' inferred
33658988	Table_6.xlsx	ST2	06-00998								ceftaroline	=	0.5	S	mic_sign '=' inferred
33658988	Table_6.xlsx	ST2	06-01624								ceftaroline	=	0.5	S	mic_sign '=' inferred
33658988	Table_6.xlsx	ST2	12-02858-1								ceftaroline	=	0.5	S	mic_sign '=' inferred
33658988	Table_6.xlsx	ST2	10-03087								ceftaroline	=	0.5	S	mic_sign '=' inferred
33658988	Table_6.xlsx	ST2	09-01718								ceftaroline	=	0.125	S	mic_sign '=' inferred
33658988	Table_6.xlsx	ST2	09-03066								ceftaroline	=	0.125	S	mic_sign '=' inferred
33658988	Table_6.xlsx	ST2	14-02900								ceftaroline	=	0.125	S	mic_sign '=' inferred
33658988	Table_6.xlsx	ST2	12-01857								ceftaroline	=	0.125	S	mic_sign '=' inferred
33658988	Table_6.xlsx	ST2	14-01092								ceftaroline	=	0.125	S	mic_sign '=' inferred
33658988	Table_6.xlsx	ST2	12-03136								ceftaroline	=	2.0	R	mic_sign '=' inferred
33658988	Table_6.xlsx	ST2	16-02942								ceftaroline	=	1.0	S	mic_sign '=' inferred
33658988	Table_6.xlsx	ST2	16-02658								ceftaroline	=	0.5	S	mic_sign '=' inferred
33658988	Table_6.xlsx	ST2	12-02278								ceftaroline	=	2.0	R	mic_sign '=' inferred
33658988	Table_6.xlsx	ST2	12-02289								ceftaroline	=	2.0	R	mic_sign '=' inferred
33658988	Table_6.xlsx	ST2	12-02755								ceftaroline	=	2.0	R	mic_sign '=' inferred
33658988	Table_6.xlsx	ST2	12-02846								ceftaroline	=	2.0	R	mic_sign '=' inferred
33658988	Table_6.xlsx	ST2	12-02895								ceftaroline	=	2.0	R	mic_sign '=' inferred
33658988	Table_6.xlsx	ST2	12-03081								ceftaroline	=	2.0	R	mic_sign '=' inferred
33658988	Table_6.xlsx	ST2	12-03139								ceftaroline	=	2.0	R	mic_sign '=' inferred
33658988	Table_6.xlsx	ST2	12-03561-1								ceftaroline	=	2.0	R	mic_sign '=' inferred
33658988	Table_6.xlsx	ST2	12-02600								ceftaroline	=	2.0	R	mic_sign '=' inferred
33658988	Table_6.xlsx	ST2	12-02888								ceftaroline	=	2.0	R	mic_sign '=' inferred
33658988	Table_6.xlsx	ST2	12-02461								ceftaroline	=	1.0	S	mic_sign '=' inferred
33658988	Table_6.xlsx	ST2	12-02856								ceftaroline	=	1.0	S	mic_sign '=' inferred
33658988	Table_6.xlsx	ST2	16-03048								ceftaroline	=	1.0	S	mic_sign '=' inferred
33658988	Table_6.xlsx	ST2	16-02541-1								ceftaroline	=	0.25	S	mic_sign '=' inferred
33658988	Table_6.xlsx	ST2	11-02017								ceftaroline	=	0.25	S	mic_sign '=' inferred
33658988	Table_6.xlsx	ST2	11-03477-1								ceftaroline	=	0.25	S	mic_sign '=' inferred
33658988	Table_6.xlsx	ST2	14-01528								ceftaroline	=	0.25	S	mic_sign '=' inferred
33658988	Table_6.xlsx	ST2	10-00598								ceftaroline	=	0.125	S	mic_sign '=' inferred
33658988	Table_6.xlsx	ST2	10-01482								ceftaroline	=	0.125	S	mic_sign '=' inferred
33658988	Table_6.xlsx	ST2	12-02956								ceftaroline	=	2.0	R	mic_sign '=' inferred
33658988	Table_6.xlsx	ST2	12-03280								ceftaroline	=	1.0	S	mic_sign '=' inferred
33658988	Table_6.xlsx	ST2	14-02150								ceftaroline	=	0.5	S	mic_sign '=' inferred
33658988	Table_6.xlsx	ST2	08-00271								ceftaroline	=	0.125	S	mic_sign '=' inferred
33658988	Table_6.xlsx	ST2	15-02439								ceftaroline	=	0.063	S	mic_sign '=' inferred
33658988	Table_6.xlsx	ST2	12-02028								ceftaroline	=	0.063	S	mic_sign '=' inferred
33658988	Table_6.xlsx	ST2	10-00249								ceftaroline	=	4.0	R	mic_sign '=' inferred
33658988	Table_6.xlsx	ST2	10-00729								ceftaroline	=	4.0	R	mic_sign '=' inferred
33658988	Table_6.xlsx	ST2	10-02919								ceftaroline	=	4.0	R	mic_sign '=' inferred
33658988	Table_6.xlsx	ST2	12-00490								ceftaroline	=	4.0	R	mic_sign '=' inferred
33658988	Table_6.xlsx	ST2	11-02667								ceftaroline	=	4.0	R	mic_sign '=' inferred
33658988	Table_6.xlsx	ST2	12-00264								ceftaroline	=	4.0	R	mic_sign '=' inferred
33658988	Table_6.xlsx	ST2	10-01267								ceftaroline	=	4.0	R	mic_sign '=' inferred
33658988	Table_6.xlsx	ST2	14-01734								ceftaroline	=	4.0	R	mic_sign '=' inferred
33658988	Table_6.xlsx	ST2	10-00329								ceftaroline	=	0.125	S	mic_sign '=' inferred
33658988	Table_6.xlsx	ST2	12-02627								ceftaroline	=	4.0	R	mic_sign '=' inferred
33658988	Table_6.xlsx	ST2	12-02354								ceftaroline	=	2.0	R	mic_sign '=' inferred
33658988	Table_6.xlsx	ST2	12-02813								ceftaroline	=	2.0	R	mic_sign '=' inferred
33658988	Table_6.xlsx	ST2	12-02973								ceftaroline	=	2.0	R	mic_sign '=' inferred
33658988	Table_6.xlsx	ST2	12-03094								ceftaroline	=	2.0	R	mic_sign '=' inferred
33658988	Table_6.xlsx	ST2	12-03546								ceftaroline	=	2.0	R	mic_sign '=' inferred
33658988	Table_6.xlsx	ST2	14-03505								ceftaroline	=	1.0	S	mic_sign '=' inferred
33658988	Table_6.xlsx	ST2	12-02225								ceftaroline	=	1.0	S	mic_sign '=' inferred
33658988	Table_6.xlsx	ST2	12-02230								ceftaroline	=	1.0	S	mic_sign '=' inferred
33658988	Table_6.xlsx	ST2	12-02870								ceftaroline	=	1.0	S	mic_sign '=' inferred
33658988	Table_6.xlsx	ST2	12-03115								ceftaroline	=	1.0	S	mic_sign '=' inferred
33658988	Table_6.xlsx	ST2	12-02427-1								ceftaroline	=	0.5	S	mic_sign '=' inferred
33658988	Table_6.xlsx	ST2	12-00046								ceftaroline	=	0.25	S	mic_sign '=' inferred
33658988	Table_6.xlsx	ST2	98-01155-2								ceftaroline	=	4.0	R	mic_sign '=' inferred
33658988	Table_6.xlsx	ST2	11-00453								ceftaroline	=	4.0	R	mic_sign '=' inferred
33658988	Table_6.xlsx	ST2	99-00653								ceftaroline	=	4.0	R	mic_sign '=' inferred
33658988	Table_6.xlsx	ST2	12-02831								ceftaroline	=	4.0	R	mic_sign '=' inferred
33658988	Table_6.xlsx	ST2	12-00567								ceftaroline	=	4.0	R	mic_sign '=' inferred
33658988	Table_6.xlsx	ST2	10-00777								ceftaroline	=	2.0	R	mic_sign '=' inferred
33658988	Table_6.xlsx	ST2	02-03179								ceftaroline	=	2.0	R	mic_sign '=' inferred
33658988	Table_6.xlsx	ST2	10-01257-2								ceftaroline	=	2.0	R	mic_sign '=' inferred
33658988	Table_6.xlsx	ST2	10-01263								ceftaroline	=	2.0	R	mic_sign '=' inferred
33658988	Table_6.xlsx	ST2	11-00668								ceftaroline	=	2.0	R	mic_sign '=' inferred
33658988	Table_6.xlsx	ST2	11-03330								ceftaroline	=	1.0	S	mic_sign '=' inferred
33658988	Table_6.xlsx	ST2	12-02057-2								ceftaroline	=	4.0	R	mic_sign '=' inferred
33658988	Table_6.xlsx	ST2	12-03222								ceftaroline	=	4.0	R	mic_sign '=' inferred
33658988	Table_6.xlsx	ST2	12-02408-1								ceftaroline	=	4.0	R	mic_sign '=' inferred
33658988	Table_6.xlsx	ST2	08-01162-2								ceftaroline	=	4.0	R	mic_sign '=' inferred
33658988	Table_6.xlsx	ST2	10-01507								ceftaroline	=	2.0	R	mic_sign '=' inferred
33658988	Table_6.xlsx	ST2	12-01456-2								ceftaroline	=	2.0	R	mic_sign '=' inferred
33658988	Table_6.xlsx	ST2	09-00215								ceftaroline	=	1.0	S	mic_sign '=' inferred
33658988	Table_6.xlsx	ST2	09-00212								ceftaroline	=	0.5	S	mic_sign '=' inferred
33658988	Table_6.xlsx	ST2	11-01226								ceftaroline	=	0.25	S	mic_sign '=' inferred
33658988	Table_6.xlsx	ST2	10-00856								ceftaroline	=	0.5	S	mic_sign '=' inferred
33658988	Table_6.xlsx	ST2	12-03411								ceftaroline	=	4.0	R	mic_sign '=' inferred
33658988	Table_6.xlsx	ST2	15-01585								ceftaroline	=	0.125	S	mic_sign '=' inferred
33658988	Table_6.xlsx	ST2	12-03317								ceftaroline	=	4.0	R	mic_sign '=' inferred
33658988	Table_6.xlsx	ST2	16-02597								ceftaroline	=	0.5	S	mic_sign '=' inferred
