file_name	sheet_name	isolate_id	accession	drug	mic_sign	mic	sir_call	notes
12866_2019_1520_MOESM1_ESM.xlsx	Table S2	S10423-92		AMP	>	64.0		
12866_2019_1520_MOESM1_ESM.xlsx	Table S2	S10423-92		CHL	<=	8.0		
12866_2019_1520_MOESM1_ESM.xlsx	Table S2	S10423-92		CIP	=	0.03		mic_sign '=' inferred
12866_2019_1520_MOESM1_ESM.xlsx	Table S2	S10423-92		GEN	<=	0.5		
12866_2019_1520_MOESM1_ESM.xlsx	Table S2	S10423-92		NAL	<=	4.0		
12866_2019_1520_MOESM1_ESM.xlsx	Table S2	S10423-92		STR	>	64.0		
12866_2019_1520_MOESM1_ESM.xlsx	Table S2	S10423-92		SMX	>	1024.0		
12866_2019_1520_MOESM1_ESM.xlsx	Table S2	S10423-92		SXT	>	4.0		
12866_2019_1520_MOESM1_ESM.xlsx	Table S2	S10423-92		SUL	>	256.0		
12866_2019_1520_MOESM1_ESM.xlsx	Table S2	S10423-92		TET	<=	4.0		
12866_2019_1520_MOESM1_ESM.xlsx	Table S2	S10423-92		TRI	>	32.0		
12866_2019_1520_MOESM1_ESM.xlsx	Table S2	S10905-92		AMP	>	64.0		
12866_2019_1520_MOESM1_ESM.xlsx	Table S2	S10905-92		CHL	>	128.0		
12866_2019_1520_MOESM1_ESM.xlsx	Table S2	S10905-92		CIP	=	0.03		mic_sign '=' inferred
12866_2019_1520_MOESM1_ESM.xlsx	Table S2	S10905-92		GEN	<=	0.5		
12866_2019_1520_MOESM1_ESM.xlsx	Table S2	S10905-92		NAL	<=	4.0		
12866_2019_1520_MOESM1_ESM.xlsx	Table S2	S10905-92		STR	=	64.0		mic_sign '=' inferred
12866_2019_1520_MOESM1_ESM.xlsx	Table S2	S10905-92		SMX	>	1024.0		
12866_2019_1520_MOESM1_ESM.xlsx	Table S2	S10905-92		SXT	=	0.5		mic_sign '=' inferred
12866_2019_1520_MOESM1_ESM.xlsx	Table S2	S10905-92		SUL	>	256.0		
12866_2019_1520_MOESM1_ESM.xlsx	Table S2	S10905-92		TET	=	32.0		mic_sign '=' inferred
12866_2019_1520_MOESM1_ESM.xlsx	Table S2	S10905-92		TRI	<=	0.25		
12866_2019_1520_MOESM1_ESM.xlsx	Table S2	S12144-92		AMP	<=	1.0		
12866_2019_1520_MOESM1_ESM.xlsx	Table S2	S12144-92		CHL	<=	8.0		
12866_2019_1520_MOESM1_ESM.xlsx	Table S2	S12144-92		CIP	<=	0.015		
12866_2019_1520_MOESM1_ESM.xlsx	Table S2	S12144-92		GEN	<=	0.5		
12866_2019_1520_MOESM1_ESM.xlsx	Table S2	S12144-92		NAL	<=	4.0		
12866_2019_1520_MOESM1_ESM.xlsx	Table S2	S12144-92		STR	=	8.0		mic_sign '=' inferred
12866_2019_1520_MOESM1_ESM.xlsx	Table S2	S12144-92		SMX	=	32.0		mic_sign '=' inferred
12866_2019_1520_MOESM1_ESM.xlsx	Table S2	S12144-92		SXT	<=	0.12		
12866_2019_1520_MOESM1_ESM.xlsx	Table S2	S12144-92		SUL	=	256.0		mic_sign '=' inferred
12866_2019_1520_MOESM1_ESM.xlsx	Table S2	S12144-92		TET	<=	4.0		
12866_2019_1520_MOESM1_ESM.xlsx	Table S2	S12144-92		TRI	<=	0.25		
12866_2019_1520_MOESM1_ESM.xlsx	Table S2	S08411-93		AMP	>	64.0		
12866_2019_1520_MOESM1_ESM.xlsx	Table S2	S08411-93		CHL	>	128.0		
12866_2019_1520_MOESM1_ESM.xlsx	Table S2	S08411-93		CIP	=	0.03		mic_sign '=' inferred
12866_2019_1520_MOESM1_ESM.xlsx	Table S2	S08411-93		GEN	<=	0.5		
12866_2019_1520_MOESM1_ESM.xlsx	Table S2	S08411-93		NAL	<=	4.0		
12866_2019_1520_MOESM1_ESM.xlsx	Table S2	S08411-93		STR	=	64.0		mic_sign '=' inferred
12866_2019_1520_MOESM1_ESM.xlsx	Table S2	S08411-93		SMX	>	1024.0		
12866_2019_1520_MOESM1_ESM.xlsx	Table S2	S08411-93		SXT	=	0.25		mic_sign '=' inferred
12866_2019_1520_MOESM1_ESM.xlsx	Table S2	S08411-93		SUL	>	256.0		
12866_2019_1520_MOESM1_ESM.xlsx	Table S2	S08411-93		TET	>	32.0		
12866_2019_1520_MOESM1_ESM.xlsx	Table S2	S08411-93		TRI	<=	0.25		
12866_2019_1520_MOESM1_ESM.xlsx	Table S2	S10543-93		AMP	>	64.0		
12866_2019_1520_MOESM1_ESM.xlsx	Table S2	S10543-93		CHL	>	128.0		
12866_2019_1520_MOESM1_ESM.xlsx	Table S2	S10543-93		CIP	=	0.03		mic_sign '=' inferred
12866_2019_1520_MOESM1_ESM.xlsx	Table S2	S10543-93		GEN	=	32.0		mic_sign '=' inferred
12866_2019_1520_MOESM1_ESM.xlsx	Table S2	S10543-93		NAL	<=	4.0		
12866_2019_1520_MOESM1_ESM.xlsx	Table S2	S10543-93		STR	>	64.0		
12866_2019_1520_MOESM1_ESM.xlsx	Table S2	S10543-93		SMX	>	1024.0		
12866_2019_1520_MOESM1_ESM.xlsx	Table S2	S10543-93		SXT	>	4.0		
12866_2019_1520_MOESM1_ESM.xlsx	Table S2	S10543-93		SUL	>	256.0		
12866_2019_1520_MOESM1_ESM.xlsx	Table S2	S10543-93		TET	>	32.0		
12866_2019_1520_MOESM1_ESM.xlsx	Table S2	S10543-93		TRI	>	32.0		
12866_2019_1520_MOESM1_ESM.xlsx	Table S2	S01145-94		AMP	<=	1.0		
12866_2019_1520_MOESM1_ESM.xlsx	Table S2	S01145-94		CHL	<=	8.0		
12866_2019_1520_MOESM1_ESM.xlsx	Table S2	S01145-94		CIP	<=	0.015		
12866_2019_1520_MOESM1_ESM.xlsx	Table S2	S01145-94		GEN	<=	0.5		
12866_2019_1520_MOESM1_ESM.xlsx	Table S2	S01145-94		NAL	<=	4.0		
12866_2019_1520_MOESM1_ESM.xlsx	Table S2	S01145-94		STR	=	8.0		mic_sign '=' inferred
12866_2019_1520_MOESM1_ESM.xlsx	Table S2	S01145-94		SMX	<=	8.0		
12866_2019_1520_MOESM1_ESM.xlsx	Table S2	S01145-94		SXT	<=	0.12		
12866_2019_1520_MOESM1_ESM.xlsx	Table S2	S01145-94		SUL	<=	16.0		
12866_2019_1520_MOESM1_ESM.xlsx	Table S2	S01145-94		TET	<=	4.0		
12866_2019_1520_MOESM1_ESM.xlsx	Table S2	S01145-94		TRI	<=	0.25		
12866_2019_1520_MOESM1_ESM.xlsx	Table S2	S06719-94		AMP	>	64.0		
12866_2019_1520_MOESM1_ESM.xlsx	Table S2	S06719-94		CHL	>	128.0		
12866_2019_1520_MOESM1_ESM.xlsx	Table S2	S06719-94		CIP	=	0.03		mic_sign '=' inferred
12866_2019_1520_MOESM1_ESM.xlsx	Table S2	S06719-94		GEN	<=	0.5		
12866_2019_1520_MOESM1_ESM.xlsx	Table S2	S06719-94		NAL	<=	4.0		
12866_2019_1520_MOESM1_ESM.xlsx	Table S2	S06719-94		STR	=	64.0		mic_sign '=' inferred
12866_2019_1520_MOESM1_ESM.xlsx	Table S2	S06719-94		SMX	>	1024.0		
12866_2019_1520_MOESM1_ESM.xlsx	Table S2	S06719-94		SXT	=	0.25		mic_sign '=' inferred
12866_2019_1520_MOESM1_ESM.xlsx	Table S2	S06719-94		SUL	>	256.0		
12866_2019_1520_MOESM1_ESM.xlsx	Table S2	S06719-94		TET	>	32.0		
12866_2019_1520_MOESM1_ESM.xlsx	Table S2	S06719-94		TRI	=	0.5		mic_sign '=' inferred
12866_2019_1520_MOESM1_ESM.xlsx	Table S2	S07452-95		AMP	>	64.0		
12866_2019_1520_MOESM1_ESM.xlsx	Table S2	S07452-95		CHL	=	128.0		mic_sign '=' inferred
12866_2019_1520_MOESM1_ESM.xlsx	Table S2	S07452-95		CIP	=	0.03		mic_sign '=' inferred
12866_2019_1520_MOESM1_ESM.xlsx	Table S2	S07452-95		GEN	<=	0.5		
12866_2019_1520_MOESM1_ESM.xlsx	Table S2	S07452-95		NAL	<=	4.0		
12866_2019_1520_MOESM1_ESM.xlsx	Table S2	S07452-95		STR	=	64.0		mic_sign '=' inferred
12866_2019_1520_MOESM1_ESM.xlsx	Table S2	S07452-95		SMX	>	1024.0		
12866_2019_1520_MOESM1_ESM.xlsx	Table S2	S07452-95		SXT	=	0.25		mic_sign '=' inferred
12866_2019_1520_MOESM1_ESM.xlsx	Table S2	S07452-95		SUL	>	256.0		
12866_2019_1520_MOESM1_ESM.xlsx	Table S2	S07452-95		TET	=	32.0		mic_sign '=' inferred
12866_2019_1520_MOESM1_ESM.xlsx	Table S2	S07452-95		TRI	<=	0.25		
12866_2019_1520_MOESM1_ESM.xlsx	Table S2	S07591-95		AMP	>	64.0		
12866_2019_1520_MOESM1_ESM.xlsx	Table S2	S07591-95		CHL	>	128.0		
12866_2019_1520_MOESM1_ESM.xlsx	Table S2	S07591-95		CIP	=	0.03		mic_sign '=' inferred
12866_2019_1520_MOESM1_ESM.xlsx	Table S2	S07591-95		GEN	<=	0.5		
12866_2019_1520_MOESM1_ESM.xlsx	Table S2	S07591-95		NAL	<=	4.0		
12866_2019_1520_MOESM1_ESM.xlsx	Table S2	S07591-95		STR	=	64.0		mic_sign '=' inferred
12866_2019_1520_MOESM1_ESM.xlsx	Table S2	S07591-95		SMX	>	1024.0		
12866_2019_1520_MOESM1_ESM.xlsx	Table S2	S07591-95		SXT	=	0.5		mic_sign '=' inferred
12866_2019_1520_MOESM1_ESM.xlsx	Table S2	S07591-95		SUL	>	256.0		
12866_2019_1520_MOESM1_ESM.xlsx	Table S2	S07591-95		TET	>	32.0		
12866_2019_1520_MOESM1_ESM.xlsx	Table S2	S07591-95		TRI	=	0.5		mic_sign '=' inferred
12866_2019_1520_MOESM1_ESM.xlsx	Table S2	S09202-95		AMP	<=	1.0		
12866_2019_1520_MOESM1_ESM.xlsx	Table S2	S09202-95		CHL	<=	8.0		
12866_2019_1520_MOESM1_ESM.xlsx	Table S2	S09202-95		CIP	=	0.03		mic_sign '=' inferred
12866_2019_1520_MOESM1_ESM.xlsx	Table S2	S09202-95		GEN	<=	0.5		
12866_2019_1520_MOESM1_ESM.xlsx	Table S2	S09202-95		NAL	<=	4.0		
12866_2019_1520_MOESM1_ESM.xlsx	Table S2	S09202-95		STR	>	64.0		
12866_2019_1520_MOESM1_ESM.xlsx	Table S2	S09202-95		SMX	>	1024.0		
12866_2019_1520_MOESM1_ESM.xlsx	Table S2	S09202-95		SXT	>	4.0		
12866_2019_1520_MOESM1_ESM.xlsx	Table S2	S09202-95		SUL	>	256.0		
12866_2019_1520_MOESM1_ESM.xlsx	Table S2	S09202-95		TET	<=	4.0		
12866_2019_1520_MOESM1_ESM.xlsx	Table S2	S09202-95		TRI	>	32.0		
12866_2019_1520_MOESM1_ESM.xlsx	Table S2	S10023-95		AMP	<=	1.0		
12866_2019_1520_MOESM1_ESM.xlsx	Table S2	S10023-95		CHL	<=	8.0		
12866_2019_1520_MOESM1_ESM.xlsx	Table S2	S10023-95		CIP	=	0.25		mic_sign '=' inferred
12866_2019_1520_MOESM1_ESM.xlsx	Table S2	S10023-95		GEN	<=	0.5		
12866_2019_1520_MOESM1_ESM.xlsx	Table S2	S10023-95		NAL	>	128.0		
12866_2019_1520_MOESM1_ESM.xlsx	Table S2	S10023-95		STR	=	8.0		mic_sign '=' inferred
12866_2019_1520_MOESM1_ESM.xlsx	Table S2	S10023-95		SMX	=	16.0		mic_sign '=' inferred
12866_2019_1520_MOESM1_ESM.xlsx	Table S2	S10023-95		SXT	<=	0.12		
12866_2019_1520_MOESM1_ESM.xlsx	Table S2	S10023-95		SUL	<=	16.0		
12866_2019_1520_MOESM1_ESM.xlsx	Table S2	S10023-95		TET	<=	4.0		
12866_2019_1520_MOESM1_ESM.xlsx	Table S2	S10023-95		TRI	<=	0.25		
12866_2019_1520_MOESM1_ESM.xlsx	Table S2	S07487-96		AMP	=	2.0		mic_sign '=' inferred
12866_2019_1520_MOESM1_ESM.xlsx	Table S2	S07487-96		CHL	<=	8.0		
12866_2019_1520_MOESM1_ESM.xlsx	Table S2	S07487-96		CIP	=	0.03		mic_sign '=' inferred
12866_2019_1520_MOESM1_ESM.xlsx	Table S2	S07487-96		GEN	<=	0.5		
12866_2019_1520_MOESM1_ESM.xlsx	Table S2	S07487-96		NAL	<=	4.0		
12866_2019_1520_MOESM1_ESM.xlsx	Table S2	S07487-96		STR	=	4.0		mic_sign '=' inferred
12866_2019_1520_MOESM1_ESM.xlsx	Table S2	S07487-96		SMX	=	64.0		mic_sign '=' inferred
12866_2019_1520_MOESM1_ESM.xlsx	Table S2	S07487-96		SXT	<=	0.12		
12866_2019_1520_MOESM1_ESM.xlsx	Table S2	S07487-96		SUL	=	128.0		mic_sign '=' inferred
12866_2019_1520_MOESM1_ESM.xlsx	Table S2	S07487-96		TET	>	32.0		
12866_2019_1520_MOESM1_ESM.xlsx	Table S2	S07487-96		TRI	=	0.5		mic_sign '=' inferred
12866_2019_1520_MOESM1_ESM.xlsx	Table S2	S07497-96		AMP	<=	1.0		
12866_2019_1520_MOESM1_ESM.xlsx	Table S2	S07497-96		CHL	<=	8.0		
12866_2019_1520_MOESM1_ESM.xlsx	Table S2	S07497-96		CIP	=	0.25		mic_sign '=' inferred
12866_2019_1520_MOESM1_ESM.xlsx	Table S2	S07497-96		GEN	<=	0.5		
12866_2019_1520_MOESM1_ESM.xlsx	Table S2	S07497-96		NAL	>	128.0		
12866_2019_1520_MOESM1_ESM.xlsx	Table S2	S07497-96		STR	=	64.0		mic_sign '=' inferred
12866_2019_1520_MOESM1_ESM.xlsx	Table S2	S07497-96		SMX	>	1024.0		
12866_2019_1520_MOESM1_ESM.xlsx	Table S2	S07497-96		SXT	=	0.25		mic_sign '=' inferred
12866_2019_1520_MOESM1_ESM.xlsx	Table S2	S07497-96		SUL	>	256.0		
12866_2019_1520_MOESM1_ESM.xlsx	Table S2	S07497-96		TET	<=	4.0		
12866_2019_1520_MOESM1_ESM.xlsx	Table S2	S07497-96		TRI	<=	0.25		
12866_2019_1520_MOESM1_ESM.xlsx	Table S2	S08761-96		AMP	=	4.0		mic_sign '=' inferred
12866_2019_1520_MOESM1_ESM.xlsx	Table S2	S08761-96		CHL	<=	8.0		
12866_2019_1520_MOESM1_ESM.xlsx	Table S2	S08761-96		CIP	=	0.03		mic_sign '=' inferred
12866_2019_1520_MOESM1_ESM.xlsx	Table S2	S08761-96		GEN	<=	0.5		
12866_2019_1520_MOESM1_ESM.xlsx	Table S2	S08761-96		NAL	<=	4.0		
12866_2019_1520_MOESM1_ESM.xlsx	Table S2	S08761-96		STR	=	8.0		mic_sign '=' inferred
12866_2019_1520_MOESM1_ESM.xlsx	Table S2	S08761-96		SMX	=	64.0		mic_sign '=' inferred
12866_2019_1520_MOESM1_ESM.xlsx	Table S2	S08761-96		SXT	<=	0.12		
12866_2019_1520_MOESM1_ESM.xlsx	Table S2	S08761-96		SUL	=	256.0		mic_sign '=' inferred
12866_2019_1520_MOESM1_ESM.xlsx	Table S2	S08761-96		TET	>	32.0		
12866_2019_1520_MOESM1_ESM.xlsx	Table S2	S08761-96		TRI	=	0.5		mic_sign '=' inferred
12866_2019_1520_MOESM1_ESM.xlsx	Table S2	S11013-96		AMP	=	2.0		mic_sign '=' inferred
12866_2019_1520_MOESM1_ESM.xlsx	Table S2	S11013-96		CHL	<=	8.0		
12866_2019_1520_MOESM1_ESM.xlsx	Table S2	S11013-96		CIP	<=	0.015		
12866_2019_1520_MOESM1_ESM.xlsx	Table S2	S11013-96		GEN	<=	0.5		
12866_2019_1520_MOESM1_ESM.xlsx	Table S2	S11013-96		NAL	<=	4.0		
12866_2019_1520_MOESM1_ESM.xlsx	Table S2	S11013-96		STR	=	64.0		mic_sign '=' inferred
12866_2019_1520_MOESM1_ESM.xlsx	Table S2	S11013-96		SMX	>	1024.0		
12866_2019_1520_MOESM1_ESM.xlsx	Table S2	S11013-96		SXT	=	0.25		mic_sign '=' inferred
12866_2019_1520_MOESM1_ESM.xlsx	Table S2	S11013-96		SUL	>	256.0		
12866_2019_1520_MOESM1_ESM.xlsx	Table S2	S11013-96		TET	<=	4.0		
12866_2019_1520_MOESM1_ESM.xlsx	Table S2	S11013-96		TRI	=	0.5		mic_sign '=' inferred
12866_2019_1520_MOESM1_ESM.xlsx	Table S2	S04246-97		AMP	=	2.0		mic_sign '=' inferred
12866_2019_1520_MOESM1_ESM.xlsx	Table S2	S04246-97		CHL	<=	8.0		
12866_2019_1520_MOESM1_ESM.xlsx	Table S2	S04246-97		CIP	=	0.03		mic_sign '=' inferred
12866_2019_1520_MOESM1_ESM.xlsx	Table S2	S04246-97		GEN	<=	0.5		
12866_2019_1520_MOESM1_ESM.xlsx	Table S2	S04246-97		NAL	<=	4.0		
12866_2019_1520_MOESM1_ESM.xlsx	Table S2	S04246-97		STR	=	8.0		mic_sign '=' inferred
12866_2019_1520_MOESM1_ESM.xlsx	Table S2	S04246-97		SMX	>	1024.0		
12866_2019_1520_MOESM1_ESM.xlsx	Table S2	S04246-97		SXT	>	4.0		
12866_2019_1520_MOESM1_ESM.xlsx	Table S2	S04246-97		SUL	>	256.0		
12866_2019_1520_MOESM1_ESM.xlsx	Table S2	S04246-97		TET	>	32.0		
12866_2019_1520_MOESM1_ESM.xlsx	Table S2	S04246-97		TRI	>	32.0		
12866_2019_1520_MOESM1_ESM.xlsx	Table S2	S04790-97		AMP	>	64.0		
12866_2019_1520_MOESM1_ESM.xlsx	Table S2	S04790-97		CHL	>	128.0		
12866_2019_1520_MOESM1_ESM.xlsx	Table S2	S04790-97		CIP	=	0.03		mic_sign '=' inferred
12866_2019_1520_MOESM1_ESM.xlsx	Table S2	S04790-97		GEN	<=	0.5		
12866_2019_1520_MOESM1_ESM.xlsx	Table S2	S04790-97		NAL	<=	4.0		
12866_2019_1520_MOESM1_ESM.xlsx	Table S2	S04790-97		STR	>	64.0		
12866_2019_1520_MOESM1_ESM.xlsx	Table S2	S04790-97		SMX	>	1024.0		
12866_2019_1520_MOESM1_ESM.xlsx	Table S2	S04790-97		SXT	=	0.5		mic_sign '=' inferred
12866_2019_1520_MOESM1_ESM.xlsx	Table S2	S04790-97		SUL	>	256.0		
12866_2019_1520_MOESM1_ESM.xlsx	Table S2	S04790-97		TET	>	32.0		
12866_2019_1520_MOESM1_ESM.xlsx	Table S2	S04790-97		TRI	=	0.5		mic_sign '=' inferred
12866_2019_1520_MOESM1_ESM.xlsx	Table S2	S05339-97		AMP	<=	1.0		
12866_2019_1520_MOESM1_ESM.xlsx	Table S2	S05339-97		CHL	<=	8.0		
12866_2019_1520_MOESM1_ESM.xlsx	Table S2	S05339-97		CIP	=	0.03		mic_sign '=' inferred
12866_2019_1520_MOESM1_ESM.xlsx	Table S2	S05339-97		GEN	<=	0.5		
12866_2019_1520_MOESM1_ESM.xlsx	Table S2	S05339-97		NAL	<=	4.0		
12866_2019_1520_MOESM1_ESM.xlsx	Table S2	S05339-97		STR	=	64.0		mic_sign '=' inferred
12866_2019_1520_MOESM1_ESM.xlsx	Table S2	S05339-97		SMX	>	1024.0		
12866_2019_1520_MOESM1_ESM.xlsx	Table S2	S05339-97		SXT	=	0.25		mic_sign '=' inferred
12866_2019_1520_MOESM1_ESM.xlsx	Table S2	S05339-97		SUL	>	256.0		
12866_2019_1520_MOESM1_ESM.xlsx	Table S2	S05339-97		TET	<=	4.0		
12866_2019_1520_MOESM1_ESM.xlsx	Table S2	S05339-97		TRI	<=	0.25		
12866_2019_1520_MOESM1_ESM.xlsx	Table S2	S08457-97		AMP	<=	1.0		
12866_2019_1520_MOESM1_ESM.xlsx	Table S2	S08457-97		CHL	<=	8.0		
12866_2019_1520_MOESM1_ESM.xlsx	Table S2	S08457-97		CIP	=	0.03		mic_sign '=' inferred
12866_2019_1520_MOESM1_ESM.xlsx	Table S2	S08457-97		GEN	<=	0.5		
12866_2019_1520_MOESM1_ESM.xlsx	Table S2	S08457-97		NAL	<=	4.0		
12866_2019_1520_MOESM1_ESM.xlsx	Table S2	S08457-97		STR	=	8.0		mic_sign '=' inferred
12866_2019_1520_MOESM1_ESM.xlsx	Table S2	S08457-97		SMX	=	32.0		mic_sign '=' inferred
12866_2019_1520_MOESM1_ESM.xlsx	Table S2	S08457-97		SXT	<=	0.12		
12866_2019_1520_MOESM1_ESM.xlsx	Table S2	S08457-97		SUL	=	64.0		mic_sign '=' inferred
12866_2019_1520_MOESM1_ESM.xlsx	Table S2	S08457-97		TET	<=	4.0		
12866_2019_1520_MOESM1_ESM.xlsx	Table S2	S08457-97		TRI	<=	0.25		
12866_2019_1520_MOESM1_ESM.xlsx	Table S2	S09137-97		AMP	>	64.0		
12866_2019_1520_MOESM1_ESM.xlsx	Table S2	S09137-97		CHL	>	128.0		
12866_2019_1520_MOESM1_ESM.xlsx	Table S2	S09137-97		CIP	=	0.03		mic_sign '=' inferred
12866_2019_1520_MOESM1_ESM.xlsx	Table S2	S09137-97		GEN	<=	0.5		
12866_2019_1520_MOESM1_ESM.xlsx	Table S2	S09137-97		NAL	<=	4.0		
12866_2019_1520_MOESM1_ESM.xlsx	Table S2	S09137-97		STR	=	64.0		mic_sign '=' inferred
12866_2019_1520_MOESM1_ESM.xlsx	Table S2	S09137-97		SMX	>	1024.0		
12866_2019_1520_MOESM1_ESM.xlsx	Table S2	S09137-97		SXT	=	0.25		mic_sign '=' inferred
12866_2019_1520_MOESM1_ESM.xlsx	Table S2	S09137-97		SUL	>	256.0		
12866_2019_1520_MOESM1_ESM.xlsx	Table S2	S09137-97		TET	>	32.0		
12866_2019_1520_MOESM1_ESM.xlsx	Table S2	S09137-97		TRI	<=	0.25		
12866_2019_1520_MOESM1_ESM.xlsx	Table S2	S01591-98		AMP	=	2.0		mic_sign '=' inferred
12866_2019_1520_MOESM1_ESM.xlsx	Table S2	S01591-98		CHL	<=	8.0		
12866_2019_1520_MOESM1_ESM.xlsx	Table S2	S01591-98		CIP	=	0.03		mic_sign '=' inferred
12866_2019_1520_MOESM1_ESM.xlsx	Table S2	S01591-98		GEN	<=	0.5		
12866_2019_1520_MOESM1_ESM.xlsx	Table S2	S01591-98		NAL	<=	4.0		
12866_2019_1520_MOESM1_ESM.xlsx	Table S2	S01591-98		STR	=	16.0		mic_sign '=' inferred
12866_2019_1520_MOESM1_ESM.xlsx	Table S2	S01591-98		SMX	<=	8.0		
12866_2019_1520_MOESM1_ESM.xlsx	Table S2	S01591-98		SXT	<=	0.12		
12866_2019_1520_MOESM1_ESM.xlsx	Table S2	S01591-98		SUL	<=	16.0		
12866_2019_1520_MOESM1_ESM.xlsx	Table S2	S01591-98		TET	<=	4.0		
12866_2019_1520_MOESM1_ESM.xlsx	Table S2	S01591-98		TRI	<=	0.25		
12866_2019_1520_MOESM1_ESM.xlsx	Table S2	S01727-98		AMP	>	64.0		
12866_2019_1520_MOESM1_ESM.xlsx	Table S2	S01727-98		CHL	>	128.0		
12866_2019_1520_MOESM1_ESM.xlsx	Table S2	S01727-98		CIP	=	0.03		mic_sign '=' inferred
12866_2019_1520_MOESM1_ESM.xlsx	Table S2	S01727-98		GEN	<=	0.5		
12866_2019_1520_MOESM1_ESM.xlsx	Table S2	S01727-98		NAL	<=	4.0		
12866_2019_1520_MOESM1_ESM.xlsx	Table S2	S01727-98		STR	=	64.0		mic_sign '=' inferred
12866_2019_1520_MOESM1_ESM.xlsx	Table S2	S01727-98		SMX	>	1024.0		
12866_2019_1520_MOESM1_ESM.xlsx	Table S2	S01727-98		SXT	=	0.25		mic_sign '=' inferred
12866_2019_1520_MOESM1_ESM.xlsx	Table S2	S01727-98		SUL	>	256.0		
12866_2019_1520_MOESM1_ESM.xlsx	Table S2	S01727-98		TET	>	32.0		
12866_2019_1520_MOESM1_ESM.xlsx	Table S2	S01727-98		TRI	<=	0.25		
12866_2019_1520_MOESM1_ESM.xlsx	Table S2	S08887-98		AMP	>	64.0		
12866_2019_1520_MOESM1_ESM.xlsx	Table S2	S08887-98		CHL	<=	8.0		
12866_2019_1520_MOESM1_ESM.xlsx	Table S2	S08887-98		CIP	=	0.25		mic_sign '=' inferred
12866_2019_1520_MOESM1_ESM.xlsx	Table S2	S08887-98		GEN	<=	0.5		
12866_2019_1520_MOESM1_ESM.xlsx	Table S2	S08887-98		NAL	>	128.0		
12866_2019_1520_MOESM1_ESM.xlsx	Table S2	S08887-98		STR	=	8.0		mic_sign '=' inferred
12866_2019_1520_MOESM1_ESM.xlsx	Table S2	S08887-98		SMX	=	32.0		mic_sign '=' inferred
12866_2019_1520_MOESM1_ESM.xlsx	Table S2	S08887-98		SXT	<=	0.12		
12866_2019_1520_MOESM1_ESM.xlsx	Table S2	S08887-98		SUL	=	32.0		mic_sign '=' inferred
12866_2019_1520_MOESM1_ESM.xlsx	Table S2	S08887-98		TET	<=	4.0		
12866_2019_1520_MOESM1_ESM.xlsx	Table S2	S08887-98		TRI	<=	0.25		
12866_2019_1520_MOESM1_ESM.xlsx	Table S2	S01131-99		AMP	>	64.0		
12866_2019_1520_MOESM1_ESM.xlsx	Table S2	S01131-99		CHL	>	128.0		
12866_2019_1520_MOESM1_ESM.xlsx	Table S2	S01131-99		CIP	=	0.06		mic_sign '=' inferred
12866_2019_1520_MOESM1_ESM.xlsx	Table S2	S01131-99		GEN	<=	0.5		
12866_2019_1520_MOESM1_ESM.xlsx	Table S2	S01131-99		NAL	=	8.0		mic_sign '=' inferred
12866_2019_1520_MOESM1_ESM.xlsx	Table S2	S01131-99		STR	>	64.0		
12866_2019_1520_MOESM1_ESM.xlsx	Table S2	S01131-99		SMX	>	1024.0		
12866_2019_1520_MOESM1_ESM.xlsx	Table S2	S01131-99		SXT	>	4.0		
12866_2019_1520_MOESM1_ESM.xlsx	Table S2	S01131-99		SUL	>	256.0		
12866_2019_1520_MOESM1_ESM.xlsx	Table S2	S01131-99		TET	>	32.0		
12866_2019_1520_MOESM1_ESM.xlsx	Table S2	S01131-99		TRI	>	32.0		
12866_2019_1520_MOESM1_ESM.xlsx	Table S2	S03558-99		AMP	>	64.0		
12866_2019_1520_MOESM1_ESM.xlsx	Table S2	S03558-99		CHL	>	128.0		
12866_2019_1520_MOESM1_ESM.xlsx	Table S2	S03558-99		CIP	=	0.03		mic_sign '=' inferred
12866_2019_1520_MOESM1_ESM.xlsx	Table S2	S03558-99		GEN	<=	0.5		
12866_2019_1520_MOESM1_ESM.xlsx	Table S2	S03558-99		NAL	<=	4.0		
12866_2019_1520_MOESM1_ESM.xlsx	Table S2	S03558-99		STR	>	64.0		
12866_2019_1520_MOESM1_ESM.xlsx	Table S2	S03558-99		SMX	>	1024.0		
12866_2019_1520_MOESM1_ESM.xlsx	Table S2	S03558-99		SXT	=	0.25		mic_sign '=' inferred
12866_2019_1520_MOESM1_ESM.xlsx	Table S2	S03558-99		SUL	>	256.0		
12866_2019_1520_MOESM1_ESM.xlsx	Table S2	S03558-99		TET	>	32.0		
12866_2019_1520_MOESM1_ESM.xlsx	Table S2	S03558-99		TRI	<=	0.25		
12866_2019_1520_MOESM1_ESM.xlsx	Table S2	S04322-99		AMP	>	64.0		
12866_2019_1520_MOESM1_ESM.xlsx	Table S2	S04322-99		CHL	>	128.0		
12866_2019_1520_MOESM1_ESM.xlsx	Table S2	S04322-99		CIP	=	0.03		mic_sign '=' inferred
12866_2019_1520_MOESM1_ESM.xlsx	Table S2	S04322-99		GEN	<=	0.5		
12866_2019_1520_MOESM1_ESM.xlsx	Table S2	S04322-99		NAL	<=	4.0		
12866_2019_1520_MOESM1_ESM.xlsx	Table S2	S04322-99		STR	=	64.0		mic_sign '=' inferred
12866_2019_1520_MOESM1_ESM.xlsx	Table S2	S04322-99		SMX	>	1024.0		
12866_2019_1520_MOESM1_ESM.xlsx	Table S2	S04322-99		SXT	=	0.25		mic_sign '=' inferred
12866_2019_1520_MOESM1_ESM.xlsx	Table S2	S04322-99		SUL	>	256.0		
12866_2019_1520_MOESM1_ESM.xlsx	Table S2	S04322-99		TET	>	32.0		
12866_2019_1520_MOESM1_ESM.xlsx	Table S2	S04322-99		TRI	<=	0.25		
12866_2019_1520_MOESM1_ESM.xlsx	Table S2	S06618-99		AMP	=	8.0		mic_sign '=' inferred
12866_2019_1520_MOESM1_ESM.xlsx	Table S2	S06618-99		CHL	=	32.0		mic_sign '=' inferred
12866_2019_1520_MOESM1_ESM.xlsx	Table S2	S06618-99		CIP	=	1.0		mic_sign '=' inferred
12866_2019_1520_MOESM1_ESM.xlsx	Table S2	S06618-99		GEN	<=	0.5		
12866_2019_1520_MOESM1_ESM.xlsx	Table S2	S06618-99		NAL	>	128.0		
12866_2019_1520_MOESM1_ESM.xlsx	Table S2	S06618-99		STR	=	64.0		mic_sign '=' inferred
12866_2019_1520_MOESM1_ESM.xlsx	Table S2	S06618-99		SMX	>	1024.0		
12866_2019_1520_MOESM1_ESM.xlsx	Table S2	S06618-99		SXT	=	0.5		mic_sign '=' inferred
12866_2019_1520_MOESM1_ESM.xlsx	Table S2	S06618-99		SUL	>	256.0		
12866_2019_1520_MOESM1_ESM.xlsx	Table S2	S06618-99		TET	=	8.0		mic_sign '=' inferred
12866_2019_1520_MOESM1_ESM.xlsx	Table S2	S06618-99		TRI	=	1.0		mic_sign '=' inferred
12866_2019_1520_MOESM1_ESM.xlsx	Table S2	S07406-99		AMP	<=	1.0		
12866_2019_1520_MOESM1_ESM.xlsx	Table S2	S07406-99		CHL	<=	8.0		
12866_2019_1520_MOESM1_ESM.xlsx	Table S2	S07406-99		CIP	=	0.03		mic_sign '=' inferred
12866_2019_1520_MOESM1_ESM.xlsx	Table S2	S07406-99		GEN	<=	0.5		
12866_2019_1520_MOESM1_ESM.xlsx	Table S2	S07406-99		NAL	<=	4.0		
12866_2019_1520_MOESM1_ESM.xlsx	Table S2	S07406-99		STR	=	4.0		mic_sign '=' inferred
12866_2019_1520_MOESM1_ESM.xlsx	Table S2	S07406-99		SMX	=	32.0		mic_sign '=' inferred
12866_2019_1520_MOESM1_ESM.xlsx	Table S2	S07406-99		SXT	<=	0.12		
12866_2019_1520_MOESM1_ESM.xlsx	Table S2	S07406-99		SUL	=	32.0		mic_sign '=' inferred
12866_2019_1520_MOESM1_ESM.xlsx	Table S2	S07406-99		TET	>	32.0		
12866_2019_1520_MOESM1_ESM.xlsx	Table S2	S07406-99		TRI	<=	0.25		
12866_2019_1520_MOESM1_ESM.xlsx	Table S2	S09281-99		AMP	>	64.0		
12866_2019_1520_MOESM1_ESM.xlsx	Table S2	S09281-99		CHL	>	128.0		
12866_2019_1520_MOESM1_ESM.xlsx	Table S2	S09281-99		CIP	=	0.25		mic_sign '=' inferred
12866_2019_1520_MOESM1_ESM.xlsx	Table S2	S09281-99		GEN	<=	0.5		
12866_2019_1520_MOESM1_ESM.xlsx	Table S2	S09281-99		NAL	>	128.0		
12866_2019_1520_MOESM1_ESM.xlsx	Table S2	S09281-99		STR	=	64.0		mic_sign '=' inferred
12866_2019_1520_MOESM1_ESM.xlsx	Table S2	S09281-99		SMX	>	1024.0		
12866_2019_1520_MOESM1_ESM.xlsx	Table S2	S09281-99		SXT	=	0.25		mic_sign '=' inferred
12866_2019_1520_MOESM1_ESM.xlsx	Table S2	S09281-99		SUL	>	256.0		
12866_2019_1520_MOESM1_ESM.xlsx	Table S2	S09281-99		TET	>	32.0		
12866_2019_1520_MOESM1_ESM.xlsx	Table S2	S09281-99		TRI	<=	0.25		
12866_2019_1520_MOESM1_ESM.xlsx	Table S2	S01117-00		AMP	>	64.0		
12866_2019_1520_MOESM1_ESM.xlsx	Table S2	S01117-00		CHL	>	128.0		
12866_2019_1520_MOESM1_ESM.xlsx	Table S2	S01117-00		CIP	=	0.25		mic_sign '=' inferred
12866_2019_1520_MOESM1_ESM.xlsx	Table S2	S01117-00		GEN	<=	0.5		
12866_2019_1520_MOESM1_ESM.xlsx	Table S2	S01117-00		NAL	>	128.0		
12866_2019_1520_MOESM1_ESM.xlsx	Table S2	S01117-00		STR	=	64.0		mic_sign '=' inferred
12866_2019_1520_MOESM1_ESM.xlsx	Table S2	S01117-00		SMX	>	1024.0		
12866_2019_1520_MOESM1_ESM.xlsx	Table S2	S01117-00		SXT	=	0.25		mic_sign '=' inferred
12866_2019_1520_MOESM1_ESM.xlsx	Table S2	S01117-00		SUL	>	256.0		
12866_2019_1520_MOESM1_ESM.xlsx	Table S2	S01117-00		TET	=	32.0		mic_sign '=' inferred
12866_2019_1520_MOESM1_ESM.xlsx	Table S2	S01117-00		TRI	<=	0.25		
12866_2019_1520_MOESM1_ESM.xlsx	Table S2	S01566-00		AMP	>	64.0		
12866_2019_1520_MOESM1_ESM.xlsx	Table S2	S01566-00		CHL	>	128.0		
12866_2019_1520_MOESM1_ESM.xlsx	Table S2	S01566-00		CIP	=	1.0		mic_sign '=' inferred
12866_2019_1520_MOESM1_ESM.xlsx	Table S2	S01566-00		GEN	<=	0.5		
12866_2019_1520_MOESM1_ESM.xlsx	Table S2	S01566-00		NAL	>	128.0		
12866_2019_1520_MOESM1_ESM.xlsx	Table S2	S01566-00		STR	=	64.0		mic_sign '=' inferred
12866_2019_1520_MOESM1_ESM.xlsx	Table S2	S01566-00		SMX	>	1024.0		
12866_2019_1520_MOESM1_ESM.xlsx	Table S2	S01566-00		SXT	>	4.0		
12866_2019_1520_MOESM1_ESM.xlsx	Table S2	S01566-00		SUL	>	256.0		
12866_2019_1520_MOESM1_ESM.xlsx	Table S2	S01566-00		TET	>	32.0		
12866_2019_1520_MOESM1_ESM.xlsx	Table S2	S01566-00		TRI	>	32.0		
12866_2019_1520_MOESM1_ESM.xlsx	Table S2	S01761-00		AMP	>	64.0		
12866_2019_1520_MOESM1_ESM.xlsx	Table S2	S01761-00		CHL	>	128.0		
12866_2019_1520_MOESM1_ESM.xlsx	Table S2	S01761-00		CIP	=	0.03		mic_sign '=' inferred
12866_2019_1520_MOESM1_ESM.xlsx	Table S2	S01761-00		GEN	<=	0.5		
12866_2019_1520_MOESM1_ESM.xlsx	Table S2	S01761-00		NAL	<=	4.0		
12866_2019_1520_MOESM1_ESM.xlsx	Table S2	S01761-00		STR	=	64.0		mic_sign '=' inferred
12866_2019_1520_MOESM1_ESM.xlsx	Table S2	S01761-00		SMX	>	1024.0		
12866_2019_1520_MOESM1_ESM.xlsx	Table S2	S01761-00		SXT	=	0.25		mic_sign '=' inferred
12866_2019_1520_MOESM1_ESM.xlsx	Table S2	S01761-00		SUL	>	256.0		
12866_2019_1520_MOESM1_ESM.xlsx	Table S2	S01761-00		TET	>	32.0		
12866_2019_1520_MOESM1_ESM.xlsx	Table S2	S01761-00		TRI	=	0.5		mic_sign '=' inferred
12866_2019_1520_MOESM1_ESM.xlsx	Table S2	S03883-00		AMP	>	64.0		
12866_2019_1520_MOESM1_ESM.xlsx	Table S2	S03883-00		CHL	>	128.0		
12866_2019_1520_MOESM1_ESM.xlsx	Table S2	S03883-00		CIP	=	0.03		mic_sign '=' inferred
12866_2019_1520_MOESM1_ESM.xlsx	Table S2	S03883-00		GEN	<=	0.5		
12866_2019_1520_MOESM1_ESM.xlsx	Table S2	S03883-00		NAL	<=	4.0		
12866_2019_1520_MOESM1_ESM.xlsx	Table S2	S03883-00		STR	=	64.0		mic_sign '=' inferred
12866_2019_1520_MOESM1_ESM.xlsx	Table S2	S03883-00		SMX	>	1024.0		
12866_2019_1520_MOESM1_ESM.xlsx	Table S2	S03883-00		SXT	=	0.25		mic_sign '=' inferred
12866_2019_1520_MOESM1_ESM.xlsx	Table S2	S03883-00		SUL	>	256.0		
12866_2019_1520_MOESM1_ESM.xlsx	Table S2	S03883-00		TET	>	32.0		
12866_2019_1520_MOESM1_ESM.xlsx	Table S2	S03883-00		TRI	=	0.5		mic_sign '=' inferred
12866_2019_1520_MOESM1_ESM.xlsx	Table S2	S06756-00		AMP	>	64.0		
12866_2019_1520_MOESM1_ESM.xlsx	Table S2	S06756-00		CHL	<=	8.0		
12866_2019_1520_MOESM1_ESM.xlsx	Table S2	S06756-00		CIP	=	0.5		mic_sign '=' inferred
12866_2019_1520_MOESM1_ESM.xlsx	Table S2	S06756-00		GEN	<=	0.5		
12866_2019_1520_MOESM1_ESM.xlsx	Table S2	S06756-00		NAL	>	128.0		
12866_2019_1520_MOESM1_ESM.xlsx	Table S2	S06756-00		STR	=	8.0		mic_sign '=' inferred
12866_2019_1520_MOESM1_ESM.xlsx	Table S2	S06756-00		SMX	>	1024.0		
12866_2019_1520_MOESM1_ESM.xlsx	Table S2	S06756-00		SXT	>	4.0		
12866_2019_1520_MOESM1_ESM.xlsx	Table S2	S06756-00		SUL	>	256.0		
12866_2019_1520_MOESM1_ESM.xlsx	Table S2	S06756-00		TET	>	32.0		
12866_2019_1520_MOESM1_ESM.xlsx	Table S2	S06756-00		TRI	>	32.0		
12866_2019_1520_MOESM1_ESM.xlsx	Table S2	S00285-01		AMP	>	64.0		
12866_2019_1520_MOESM1_ESM.xlsx	Table S2	S00285-01		CHL	>	128.0		
12866_2019_1520_MOESM1_ESM.xlsx	Table S2	S00285-01		CIP	=	0.03		mic_sign '=' inferred
12866_2019_1520_MOESM1_ESM.xlsx	Table S2	S00285-01		GEN	<=	0.5		
12866_2019_1520_MOESM1_ESM.xlsx	Table S2	S00285-01		NAL	<=	4.0		
12866_2019_1520_MOESM1_ESM.xlsx	Table S2	S00285-01		STR	=	64.0		mic_sign '=' inferred
12866_2019_1520_MOESM1_ESM.xlsx	Table S2	S00285-01		SMX	>	1024.0		
12866_2019_1520_MOESM1_ESM.xlsx	Table S2	S00285-01		SXT	=	0.25		mic_sign '=' inferred
12866_2019_1520_MOESM1_ESM.xlsx	Table S2	S00285-01		SUL	>	256.0		
12866_2019_1520_MOESM1_ESM.xlsx	Table S2	S00285-01		TET	>	32.0		
12866_2019_1520_MOESM1_ESM.xlsx	Table S2	S00285-01		TRI	<=	0.25		
12866_2019_1520_MOESM1_ESM.xlsx	Table S2	S00430-01		AMP	>	64.0		
12866_2019_1520_MOESM1_ESM.xlsx	Table S2	S00430-01		CHL	>	128.0		
12866_2019_1520_MOESM1_ESM.xlsx	Table S2	S00430-01		CIP	=	0.25		mic_sign '=' inferred
12866_2019_1520_MOESM1_ESM.xlsx	Table S2	S00430-01		GEN	<=	0.5		
12866_2019_1520_MOESM1_ESM.xlsx	Table S2	S00430-01		NAL	>	128.0		
12866_2019_1520_MOESM1_ESM.xlsx	Table S2	S00430-01		STR	>	64.0		
12866_2019_1520_MOESM1_ESM.xlsx	Table S2	S00430-01		SMX	>	1024.0		
12866_2019_1520_MOESM1_ESM.xlsx	Table S2	S00430-01		SXT	=	0.25		mic_sign '=' inferred
12866_2019_1520_MOESM1_ESM.xlsx	Table S2	S00430-01		SUL	>	256.0		
12866_2019_1520_MOESM1_ESM.xlsx	Table S2	S00430-01		TET	=	32.0		mic_sign '=' inferred
12866_2019_1520_MOESM1_ESM.xlsx	Table S2	S00430-01		TRI	<=	0.25		
12866_2019_1520_MOESM1_ESM.xlsx	Table S2	S02202-01		AMP	>	64.0		
12866_2019_1520_MOESM1_ESM.xlsx	Table S2	S02202-01		CHL	=	128.0		mic_sign '=' inferred
12866_2019_1520_MOESM1_ESM.xlsx	Table S2	S02202-01		CIP	=	0.03		mic_sign '=' inferred
12866_2019_1520_MOESM1_ESM.xlsx	Table S2	S02202-01		GEN	<=	0.5		
12866_2019_1520_MOESM1_ESM.xlsx	Table S2	S02202-01		NAL	<=	4.0		
12866_2019_1520_MOESM1_ESM.xlsx	Table S2	S02202-01		STR	=	32.0		mic_sign '=' inferred
12866_2019_1520_MOESM1_ESM.xlsx	Table S2	S02202-01		SMX	>	1024.0		
12866_2019_1520_MOESM1_ESM.xlsx	Table S2	S02202-01		SXT	>	4.0		
12866_2019_1520_MOESM1_ESM.xlsx	Table S2	S02202-01		SUL	>	256.0		
12866_2019_1520_MOESM1_ESM.xlsx	Table S2	S02202-01		TET	<=	4.0		
12866_2019_1520_MOESM1_ESM.xlsx	Table S2	S02202-01		TRI	>	32.0		
12866_2019_1520_MOESM1_ESM.xlsx	Table S2	S02606-01		AMP	=	2.0		mic_sign '=' inferred
12866_2019_1520_MOESM1_ESM.xlsx	Table S2	S02606-01		CHL	<=	8.0		
12866_2019_1520_MOESM1_ESM.xlsx	Table S2	S02606-01		CIP	=	0.5		mic_sign '=' inferred
12866_2019_1520_MOESM1_ESM.xlsx	Table S2	S02606-01		GEN	<=	0.5		
12866_2019_1520_MOESM1_ESM.xlsx	Table S2	S02606-01		NAL	>	128.0		
12866_2019_1520_MOESM1_ESM.xlsx	Table S2	S02606-01		STR	=	16.0		mic_sign '=' inferred
12866_2019_1520_MOESM1_ESM.xlsx	Table S2	S02606-01		SMX	=	32.0		mic_sign '=' inferred
12866_2019_1520_MOESM1_ESM.xlsx	Table S2	S02606-01		SXT	<=	0.12		
12866_2019_1520_MOESM1_ESM.xlsx	Table S2	S02606-01		SUL	=	32.0		mic_sign '=' inferred
12866_2019_1520_MOESM1_ESM.xlsx	Table S2	S02606-01		TET	<=	4.0		
12866_2019_1520_MOESM1_ESM.xlsx	Table S2	S02606-01		TRI	=	0.5		mic_sign '=' inferred
12866_2019_1520_MOESM1_ESM.xlsx	Table S2	S03249-01		AMP	>	64.0		
12866_2019_1520_MOESM1_ESM.xlsx	Table S2	S03249-01		CHL	=	128.0		mic_sign '=' inferred
12866_2019_1520_MOESM1_ESM.xlsx	Table S2	S03249-01		CIP	=	0.03		mic_sign '=' inferred
12866_2019_1520_MOESM1_ESM.xlsx	Table S2	S03249-01		GEN	<=	0.5		
12866_2019_1520_MOESM1_ESM.xlsx	Table S2	S03249-01		NAL	<=	4.0		
12866_2019_1520_MOESM1_ESM.xlsx	Table S2	S03249-01		STR	=	32.0		mic_sign '=' inferred
12866_2019_1520_MOESM1_ESM.xlsx	Table S2	S03249-01		SMX	>	1024.0		
12866_2019_1520_MOESM1_ESM.xlsx	Table S2	S03249-01		SXT	>	4.0		
12866_2019_1520_MOESM1_ESM.xlsx	Table S2	S03249-01		SUL	>	256.0		
12866_2019_1520_MOESM1_ESM.xlsx	Table S2	S03249-01		TET	<=	4.0		
12866_2019_1520_MOESM1_ESM.xlsx	Table S2	S03249-01		TRI	>	32.0		
12866_2019_1520_MOESM1_ESM.xlsx	Table S2	S04173-01		AMP	>	64.0		
12866_2019_1520_MOESM1_ESM.xlsx	Table S2	S04173-01		CHL	>	128.0		
12866_2019_1520_MOESM1_ESM.xlsx	Table S2	S04173-01		CIP	<=	0.015		
12866_2019_1520_MOESM1_ESM.xlsx	Table S2	S04173-01		GEN	<=	0.5		
12866_2019_1520_MOESM1_ESM.xlsx	Table S2	S04173-01		NAL	<=	4.0		
12866_2019_1520_MOESM1_ESM.xlsx	Table S2	S04173-01		STR	=	32.0		mic_sign '=' inferred
12866_2019_1520_MOESM1_ESM.xlsx	Table S2	S04173-01		SMX	>	1024.0		
12866_2019_1520_MOESM1_ESM.xlsx	Table S2	S04173-01		SXT	=	0.25		mic_sign '=' inferred
12866_2019_1520_MOESM1_ESM.xlsx	Table S2	S04173-01		SUL	>	256.0		
12866_2019_1520_MOESM1_ESM.xlsx	Table S2	S04173-01		TET	>	32.0		
12866_2019_1520_MOESM1_ESM.xlsx	Table S2	S04173-01		TRI	<=	0.25		
12866_2019_1520_MOESM1_ESM.xlsx	Table S2	S00795-02		AMP	>	64.0		
12866_2019_1520_MOESM1_ESM.xlsx	Table S2	S00795-02		CHL	=	128.0		mic_sign '=' inferred
12866_2019_1520_MOESM1_ESM.xlsx	Table S2	S00795-02		CIP	=	0.03		mic_sign '=' inferred
12866_2019_1520_MOESM1_ESM.xlsx	Table S2	S00795-02		GEN	<=	0.5		
12866_2019_1520_MOESM1_ESM.xlsx	Table S2	S00795-02		NAL	<=	4.0		
12866_2019_1520_MOESM1_ESM.xlsx	Table S2	S00795-02		STR	=	16.0		mic_sign '=' inferred
12866_2019_1520_MOESM1_ESM.xlsx	Table S2	S00795-02		SMX	>	1024.0		
12866_2019_1520_MOESM1_ESM.xlsx	Table S2	S00795-02		SXT	>	4.0		
12866_2019_1520_MOESM1_ESM.xlsx	Table S2	S00795-02		SUL	>	256.0		
12866_2019_1520_MOESM1_ESM.xlsx	Table S2	S00795-02		TET	<=	4.0		
12866_2019_1520_MOESM1_ESM.xlsx	Table S2	S00795-02		TRI	>	32.0		
12866_2019_1520_MOESM1_ESM.xlsx	Table S2	S03622-02		AMP	=	2.0		mic_sign '=' inferred
12866_2019_1520_MOESM1_ESM.xlsx	Table S2	S03622-02		CHL	<=	8.0		
12866_2019_1520_MOESM1_ESM.xlsx	Table S2	S03622-02		CIP	=	0.03		mic_sign '=' inferred
12866_2019_1520_MOESM1_ESM.xlsx	Table S2	S03622-02		GEN	<=	0.5		
12866_2019_1520_MOESM1_ESM.xlsx	Table S2	S03622-02		NAL	=	8.0		mic_sign '=' inferred
12866_2019_1520_MOESM1_ESM.xlsx	Table S2	S03622-02		STR	=	8.0		mic_sign '=' inferred
12866_2019_1520_MOESM1_ESM.xlsx	Table S2	S03622-02		SMX	=	16.0		mic_sign '=' inferred
12866_2019_1520_MOESM1_ESM.xlsx	Table S2	S03622-02		SXT	<=	0.12		
12866_2019_1520_MOESM1_ESM.xlsx	Table S2	S03622-02		SUL	=	256.0		mic_sign '=' inferred
12866_2019_1520_MOESM1_ESM.xlsx	Table S2	S03622-02		TET	<=	4.0		
12866_2019_1520_MOESM1_ESM.xlsx	Table S2	S03622-02		TRI	<=	0.25		
12866_2019_1520_MOESM1_ESM.xlsx	Table S2	S03632-02		AMP	<=	1.0		
12866_2019_1520_MOESM1_ESM.xlsx	Table S2	S03632-02		CHL	=	64.0		mic_sign '=' inferred
12866_2019_1520_MOESM1_ESM.xlsx	Table S2	S03632-02		CIP	=	0.03		mic_sign '=' inferred
12866_2019_1520_MOESM1_ESM.xlsx	Table S2	S03632-02		GEN	<=	0.5		
12866_2019_1520_MOESM1_ESM.xlsx	Table S2	S03632-02		NAL	<=	4.0		
12866_2019_1520_MOESM1_ESM.xlsx	Table S2	S03632-02		STR	=	16.0		mic_sign '=' inferred
12866_2019_1520_MOESM1_ESM.xlsx	Table S2	S03632-02		SMX	>	1024.0		
12866_2019_1520_MOESM1_ESM.xlsx	Table S2	S03632-02		SXT	>	4.0		
12866_2019_1520_MOESM1_ESM.xlsx	Table S2	S03632-02		SUL	>	256.0		
12866_2019_1520_MOESM1_ESM.xlsx	Table S2	S03632-02		TET	<=	4.0		
12866_2019_1520_MOESM1_ESM.xlsx	Table S2	S03632-02		TRI	>	32.0		
12866_2019_1520_MOESM1_ESM.xlsx	Table S2	S06290-02		AMP	>	64.0		
12866_2019_1520_MOESM1_ESM.xlsx	Table S2	S06290-02		CHL	=	128.0		mic_sign '=' inferred
12866_2019_1520_MOESM1_ESM.xlsx	Table S2	S06290-02		CIP	=	0.5		mic_sign '=' inferred
12866_2019_1520_MOESM1_ESM.xlsx	Table S2	S06290-02		GEN	<=	0.5		
12866_2019_1520_MOESM1_ESM.xlsx	Table S2	S06290-02		NAL	>	128.0		
12866_2019_1520_MOESM1_ESM.xlsx	Table S2	S06290-02		STR	=	64.0		mic_sign '=' inferred
12866_2019_1520_MOESM1_ESM.xlsx	Table S2	S06290-02		SMX	>	1024.0		
12866_2019_1520_MOESM1_ESM.xlsx	Table S2	S06290-02		SXT	>	4.0		
12866_2019_1520_MOESM1_ESM.xlsx	Table S2	S06290-02		SUL	>	256.0		
12866_2019_1520_MOESM1_ESM.xlsx	Table S2	S06290-02		TET	<=	4.0		
12866_2019_1520_MOESM1_ESM.xlsx	Table S2	S06290-02		TRI	>	32.0		
12866_2019_1520_MOESM1_ESM.xlsx	Table S2	S09211-02		AMP	>	64.0		
12866_2019_1520_MOESM1_ESM.xlsx	Table S2	S09211-02		CHL	>	128.0		
12866_2019_1520_MOESM1_ESM.xlsx	Table S2	S09211-02		CIP	=	0.03		mic_sign '=' inferred
12866_2019_1520_MOESM1_ESM.xlsx	Table S2	S09211-02		GEN	<=	0.5		
12866_2019_1520_MOESM1_ESM.xlsx	Table S2	S09211-02		NAL	<=	4.0		
12866_2019_1520_MOESM1_ESM.xlsx	Table S2	S09211-02		STR	=	64.0		mic_sign '=' inferred
12866_2019_1520_MOESM1_ESM.xlsx	Table S2	S09211-02		SMX	>	1024.0		
12866_2019_1520_MOESM1_ESM.xlsx	Table S2	S09211-02		SXT	=	0.25		mic_sign '=' inferred
12866_2019_1520_MOESM1_ESM.xlsx	Table S2	S09211-02		SUL	>	256.0		
12866_2019_1520_MOESM1_ESM.xlsx	Table S2	S09211-02		TET	=	32.0		mic_sign '=' inferred
12866_2019_1520_MOESM1_ESM.xlsx	Table S2	S09211-02		TRI	<=	0.25		
12866_2019_1520_MOESM1_ESM.xlsx	Table S2	S00039-03		AMP	>	64.0		
12866_2019_1520_MOESM1_ESM.xlsx	Table S2	S00039-03		CHL	=	128.0		mic_sign '=' inferred
12866_2019_1520_MOESM1_ESM.xlsx	Table S2	S00039-03		CIP	=	0.03		mic_sign '=' inferred
12866_2019_1520_MOESM1_ESM.xlsx	Table S2	S00039-03		GEN	<=	0.5		
12866_2019_1520_MOESM1_ESM.xlsx	Table S2	S00039-03		NAL	<=	4.0		
12866_2019_1520_MOESM1_ESM.xlsx	Table S2	S00039-03		STR	>	64.0		
12866_2019_1520_MOESM1_ESM.xlsx	Table S2	S00039-03		SMX	>	1024.0		
12866_2019_1520_MOESM1_ESM.xlsx	Table S2	S00039-03		SXT	>	4.0		
12866_2019_1520_MOESM1_ESM.xlsx	Table S2	S00039-03		SUL	>	256.0		
12866_2019_1520_MOESM1_ESM.xlsx	Table S2	S00039-03		TET	<=	4.0		
12866_2019_1520_MOESM1_ESM.xlsx	Table S2	S00039-03		TRI	>	32.0		
12866_2019_1520_MOESM1_ESM.xlsx	Table S2	S03612-03		AMP	<=	1.0		
12866_2019_1520_MOESM1_ESM.xlsx	Table S2	S03612-03		CHL	<=	8.0		
12866_2019_1520_MOESM1_ESM.xlsx	Table S2	S03612-03		CIP	=	0.03		mic_sign '=' inferred
12866_2019_1520_MOESM1_ESM.xlsx	Table S2	S03612-03		GEN	<=	0.5		
12866_2019_1520_MOESM1_ESM.xlsx	Table S2	S03612-03		NAL	<=	4.0		
12866_2019_1520_MOESM1_ESM.xlsx	Table S2	S03612-03		STR	=	8.0		mic_sign '=' inferred
12866_2019_1520_MOESM1_ESM.xlsx	Table S2	S03612-03		SMX	=	32.0		mic_sign '=' inferred
12866_2019_1520_MOESM1_ESM.xlsx	Table S2	S03612-03		SXT	<=	0.12		
12866_2019_1520_MOESM1_ESM.xlsx	Table S2	S03612-03		SUL	=	64.0		mic_sign '=' inferred
12866_2019_1520_MOESM1_ESM.xlsx	Table S2	S03612-03		TET	<=	4.0		
12866_2019_1520_MOESM1_ESM.xlsx	Table S2	S03612-03		TRI	<=	0.25		
12866_2019_1520_MOESM1_ESM.xlsx	Table S2	S04066-03		AMP	>	64.0		
12866_2019_1520_MOESM1_ESM.xlsx	Table S2	S04066-03		CHL	<=	8.0		
12866_2019_1520_MOESM1_ESM.xlsx	Table S2	S04066-03		CIP	<=	0.015		
12866_2019_1520_MOESM1_ESM.xlsx	Table S2	S04066-03		GEN	<=	0.5		
12866_2019_1520_MOESM1_ESM.xlsx	Table S2	S04066-03		NAL	<=	4.0		
12866_2019_1520_MOESM1_ESM.xlsx	Table S2	S04066-03		STR	=	16.0		mic_sign '=' inferred
12866_2019_1520_MOESM1_ESM.xlsx	Table S2	S04066-03		SMX	=	16.0		mic_sign '=' inferred
12866_2019_1520_MOESM1_ESM.xlsx	Table S2	S04066-03		SXT	<=	0.12		
12866_2019_1520_MOESM1_ESM.xlsx	Table S2	S04066-03		SUL	<=	16.0		
12866_2019_1520_MOESM1_ESM.xlsx	Table S2	S04066-03		TET	<=	4.0		
12866_2019_1520_MOESM1_ESM.xlsx	Table S2	S04066-03		TRI	<=	0.25		
12866_2019_1520_MOESM1_ESM.xlsx	Table S2	S04294-03		AMP	>	64.0		
12866_2019_1520_MOESM1_ESM.xlsx	Table S2	S04294-03		CHL	>	128.0		
12866_2019_1520_MOESM1_ESM.xlsx	Table S2	S04294-03		CIP	=	0.03		mic_sign '=' inferred
12866_2019_1520_MOESM1_ESM.xlsx	Table S2	S04294-03		GEN	<=	0.5		
12866_2019_1520_MOESM1_ESM.xlsx	Table S2	S04294-03		NAL	<=	4.0		
12866_2019_1520_MOESM1_ESM.xlsx	Table S2	S04294-03		STR	=	64.0		mic_sign '=' inferred
12866_2019_1520_MOESM1_ESM.xlsx	Table S2	S04294-03		SMX	>	1024.0		
12866_2019_1520_MOESM1_ESM.xlsx	Table S2	S04294-03		SXT	=	0.25		mic_sign '=' inferred
12866_2019_1520_MOESM1_ESM.xlsx	Table S2	S04294-03		SUL	>	256.0		
12866_2019_1520_MOESM1_ESM.xlsx	Table S2	S04294-03		TET	=	32.0		mic_sign '=' inferred
12866_2019_1520_MOESM1_ESM.xlsx	Table S2	S04294-03		TRI	<=	0.25		
12866_2019_1520_MOESM1_ESM.xlsx	Table S2	S06036-03		AMP	>	64.0		
12866_2019_1520_MOESM1_ESM.xlsx	Table S2	S06036-03		CHL	>	128.0		
12866_2019_1520_MOESM1_ESM.xlsx	Table S2	S06036-03		CIP	=	0.25		mic_sign '=' inferred
12866_2019_1520_MOESM1_ESM.xlsx	Table S2	S06036-03		GEN	<=	0.5		
12866_2019_1520_MOESM1_ESM.xlsx	Table S2	S06036-03		NAL	>	128.0		
12866_2019_1520_MOESM1_ESM.xlsx	Table S2	S06036-03		STR	=	64.0		mic_sign '=' inferred
12866_2019_1520_MOESM1_ESM.xlsx	Table S2	S06036-03		SMX	>	1024.0		
12866_2019_1520_MOESM1_ESM.xlsx	Table S2	S06036-03		SXT	>	4.0		
12866_2019_1520_MOESM1_ESM.xlsx	Table S2	S06036-03		SUL	>	256.0		
12866_2019_1520_MOESM1_ESM.xlsx	Table S2	S06036-03		TET	=	32.0		mic_sign '=' inferred
12866_2019_1520_MOESM1_ESM.xlsx	Table S2	S06036-03		TRI	>	32.0		
12866_2019_1520_MOESM1_ESM.xlsx	Table S2	S06216-03		AMP	>	64.0		
12866_2019_1520_MOESM1_ESM.xlsx	Table S2	S06216-03		CHL	>	128.0		
12866_2019_1520_MOESM1_ESM.xlsx	Table S2	S06216-03		CIP	=	0.03		mic_sign '=' inferred
12866_2019_1520_MOESM1_ESM.xlsx	Table S2	S06216-03		GEN	<=	0.5		
12866_2019_1520_MOESM1_ESM.xlsx	Table S2	S06216-03		NAL	<=	4.0		
12866_2019_1520_MOESM1_ESM.xlsx	Table S2	S06216-03		STR	>	64.0		
12866_2019_1520_MOESM1_ESM.xlsx	Table S2	S06216-03		SMX	>	1024.0		
12866_2019_1520_MOESM1_ESM.xlsx	Table S2	S06216-03		SXT	>	4.0		
12866_2019_1520_MOESM1_ESM.xlsx	Table S2	S06216-03		SUL	>	256.0		
12866_2019_1520_MOESM1_ESM.xlsx	Table S2	S06216-03		TET	<=	4.0		
12866_2019_1520_MOESM1_ESM.xlsx	Table S2	S06216-03		TRI	>	32.0		
12866_2019_1520_MOESM1_ESM.xlsx	Table S2	S07053-03		AMP	>	64.0		
12866_2019_1520_MOESM1_ESM.xlsx	Table S2	S07053-03		CHL	>	128.0		
12866_2019_1520_MOESM1_ESM.xlsx	Table S2	S07053-03		CIP	=	0.25		mic_sign '=' inferred
12866_2019_1520_MOESM1_ESM.xlsx	Table S2	S07053-03		GEN	<=	0.5		
12866_2019_1520_MOESM1_ESM.xlsx	Table S2	S07053-03		NAL	>	128.0		
12866_2019_1520_MOESM1_ESM.xlsx	Table S2	S07053-03		STR	=	64.0		mic_sign '=' inferred
12866_2019_1520_MOESM1_ESM.xlsx	Table S2	S07053-03		SMX	>	1024.0		
12866_2019_1520_MOESM1_ESM.xlsx	Table S2	S07053-03		SXT	=	4.0		mic_sign '=' inferred
12866_2019_1520_MOESM1_ESM.xlsx	Table S2	S07053-03		SUL	>	256.0		
12866_2019_1520_MOESM1_ESM.xlsx	Table S2	S07053-03		TET	>	32.0		
12866_2019_1520_MOESM1_ESM.xlsx	Table S2	S07053-03		TRI	<=	0.25		
12866_2019_1520_MOESM1_ESM.xlsx	Table S2	S07102-03		AMP	=	2.0		mic_sign '=' inferred
12866_2019_1520_MOESM1_ESM.xlsx	Table S2	S07102-03		CHL	<=	8.0		
12866_2019_1520_MOESM1_ESM.xlsx	Table S2	S07102-03		CIP	=	0.03		mic_sign '=' inferred
12866_2019_1520_MOESM1_ESM.xlsx	Table S2	S07102-03		GEN	<=	0.5		
12866_2019_1520_MOESM1_ESM.xlsx	Table S2	S07102-03		NAL	<=	4.0		
12866_2019_1520_MOESM1_ESM.xlsx	Table S2	S07102-03		STR	=	8.0		mic_sign '=' inferred
12866_2019_1520_MOESM1_ESM.xlsx	Table S2	S07102-03		SMX	=	64.0		mic_sign '=' inferred
12866_2019_1520_MOESM1_ESM.xlsx	Table S2	S07102-03		SXT	<=	0.12		
12866_2019_1520_MOESM1_ESM.xlsx	Table S2	S07102-03		SUL	=	256.0		mic_sign '=' inferred
12866_2019_1520_MOESM1_ESM.xlsx	Table S2	S07102-03		TET	<=	4.0		
12866_2019_1520_MOESM1_ESM.xlsx	Table S2	S07102-03		TRI	<=	0.25		
12866_2019_1520_MOESM1_ESM.xlsx	Table S2	S07623-03		AMP	>	64.0		
12866_2019_1520_MOESM1_ESM.xlsx	Table S2	S07623-03		CHL	>	128.0		
12866_2019_1520_MOESM1_ESM.xlsx	Table S2	S07623-03		CIP	=	1.0		mic_sign '=' inferred
12866_2019_1520_MOESM1_ESM.xlsx	Table S2	S07623-03		GEN	<=	0.5		
12866_2019_1520_MOESM1_ESM.xlsx	Table S2	S07623-03		NAL	>	128.0		
12866_2019_1520_MOESM1_ESM.xlsx	Table S2	S07623-03		STR	=	64.0		mic_sign '=' inferred
12866_2019_1520_MOESM1_ESM.xlsx	Table S2	S07623-03		SMX	>	1024.0		
12866_2019_1520_MOESM1_ESM.xlsx	Table S2	S07623-03		SXT	=	0.5		mic_sign '=' inferred
12866_2019_1520_MOESM1_ESM.xlsx	Table S2	S07623-03		SUL	>	256.0		
12866_2019_1520_MOESM1_ESM.xlsx	Table S2	S07623-03		TET	>	32.0		
12866_2019_1520_MOESM1_ESM.xlsx	Table S2	S07623-03		TRI	<=	0.25		
12866_2019_1520_MOESM1_ESM.xlsx	Table S2	S07625-03		AMP	>	64.0		
12866_2019_1520_MOESM1_ESM.xlsx	Table S2	S07625-03		CHL	>	128.0		
12866_2019_1520_MOESM1_ESM.xlsx	Table S2	S07625-03		CIP	=	0.25		mic_sign '=' inferred
12866_2019_1520_MOESM1_ESM.xlsx	Table S2	S07625-03		GEN	<=	0.5		
12866_2019_1520_MOESM1_ESM.xlsx	Table S2	S07625-03		NAL	>	128.0		
12866_2019_1520_MOESM1_ESM.xlsx	Table S2	S07625-03		STR	=	64.0		mic_sign '=' inferred
12866_2019_1520_MOESM1_ESM.xlsx	Table S2	S07625-03		SMX	>	1024.0		
12866_2019_1520_MOESM1_ESM.xlsx	Table S2	S07625-03		SXT	=	0.25		mic_sign '=' inferred
12866_2019_1520_MOESM1_ESM.xlsx	Table S2	S07625-03		SUL	>	256.0		
12866_2019_1520_MOESM1_ESM.xlsx	Table S2	S07625-03		TET	=	32.0		mic_sign '=' inferred
12866_2019_1520_MOESM1_ESM.xlsx	Table S2	S07625-03		TRI	<=	0.25		
12866_2019_1520_MOESM1_ESM.xlsx	Table S2	S07896-03		AMP	>	64.0		
12866_2019_1520_MOESM1_ESM.xlsx	Table S2	S07896-03		CHL	>	128.0		
12866_2019_1520_MOESM1_ESM.xlsx	Table S2	S07896-03		CIP	=	0.03		mic_sign '=' inferred
12866_2019_1520_MOESM1_ESM.xlsx	Table S2	S07896-03		GEN	<=	0.5		
12866_2019_1520_MOESM1_ESM.xlsx	Table S2	S07896-03		NAL	<=	4.0		
12866_2019_1520_MOESM1_ESM.xlsx	Table S2	S07896-03		STR	=	64.0		mic_sign '=' inferred
12866_2019_1520_MOESM1_ESM.xlsx	Table S2	S07896-03		SMX	>	1024.0		
12866_2019_1520_MOESM1_ESM.xlsx	Table S2	S07896-03		SXT	=	0.5		mic_sign '=' inferred
12866_2019_1520_MOESM1_ESM.xlsx	Table S2	S07896-03		SUL	>	256.0		
12866_2019_1520_MOESM1_ESM.xlsx	Table S2	S07896-03		TET	>	32.0		
12866_2019_1520_MOESM1_ESM.xlsx	Table S2	S07896-03		TRI	<=	0.25		
12866_2019_1520_MOESM1_ESM.xlsx	Table S2	S01710-04		AMP	>	64.0		
12866_2019_1520_MOESM1_ESM.xlsx	Table S2	S01710-04		CHL	<=	8.0		
12866_2019_1520_MOESM1_ESM.xlsx	Table S2	S01710-04		CIP	<=	0.015		
12866_2019_1520_MOESM1_ESM.xlsx	Table S2	S01710-04		GEN	=	32.0		mic_sign '=' inferred
12866_2019_1520_MOESM1_ESM.xlsx	Table S2	S01710-04		NAL	<=	4.0		
12866_2019_1520_MOESM1_ESM.xlsx	Table S2	S01710-04		STR	=	32.0		mic_sign '=' inferred
12866_2019_1520_MOESM1_ESM.xlsx	Table S2	S01710-04		SMX	=	32.0		mic_sign '=' inferred
12866_2019_1520_MOESM1_ESM.xlsx	Table S2	S01710-04		SXT	=	0.5		mic_sign '=' inferred
12866_2019_1520_MOESM1_ESM.xlsx	Table S2	S01710-04		SUL	>	256.0		
12866_2019_1520_MOESM1_ESM.xlsx	Table S2	S01710-04		TET	<=	4.0		
12866_2019_1520_MOESM1_ESM.xlsx	Table S2	S01710-04		TRI	>	32.0		
12866_2019_1520_MOESM1_ESM.xlsx	Table S2	S02357-04		AMP	<=	1.0		
12866_2019_1520_MOESM1_ESM.xlsx	Table S2	S02357-04		CHL	<=	8.0		
12866_2019_1520_MOESM1_ESM.xlsx	Table S2	S02357-04		CIP	<=	0.015		
12866_2019_1520_MOESM1_ESM.xlsx	Table S2	S02357-04		GEN	<=	0.5		
12866_2019_1520_MOESM1_ESM.xlsx	Table S2	S02357-04		NAL	<=	4.0		
12866_2019_1520_MOESM1_ESM.xlsx	Table S2	S02357-04		STR	=	32.0		mic_sign '=' inferred
12866_2019_1520_MOESM1_ESM.xlsx	Table S2	S02357-04		SMX	=	32.0		mic_sign '=' inferred
12866_2019_1520_MOESM1_ESM.xlsx	Table S2	S02357-04		SXT	<=	0.12		
12866_2019_1520_MOESM1_ESM.xlsx	Table S2	S02357-04		SUL	=	128.0		mic_sign '=' inferred
12866_2019_1520_MOESM1_ESM.xlsx	Table S2	S02357-04		TET	=	32.0		mic_sign '=' inferred
12866_2019_1520_MOESM1_ESM.xlsx	Table S2	S02357-04		TRI	<=	0.25		
12866_2019_1520_MOESM1_ESM.xlsx	Table S2	S04488-04		AMP	>	64.0		
12866_2019_1520_MOESM1_ESM.xlsx	Table S2	S04488-04		CHL	>	128.0		
12866_2019_1520_MOESM1_ESM.xlsx	Table S2	S04488-04		CIP	=	0.03		mic_sign '=' inferred
12866_2019_1520_MOESM1_ESM.xlsx	Table S2	S04488-04		GEN	=	16.0		mic_sign '=' inferred
12866_2019_1520_MOESM1_ESM.xlsx	Table S2	S04488-04		NAL	<=	4.0		
12866_2019_1520_MOESM1_ESM.xlsx	Table S2	S04488-04		STR	>	64.0		
12866_2019_1520_MOESM1_ESM.xlsx	Table S2	S04488-04		SMX	>	1024.0		
12866_2019_1520_MOESM1_ESM.xlsx	Table S2	S04488-04		SXT	=	0.25		mic_sign '=' inferred
12866_2019_1520_MOESM1_ESM.xlsx	Table S2	S04488-04		SUL	>	256.0		
12866_2019_1520_MOESM1_ESM.xlsx	Table S2	S04488-04		TET	>	32.0		
12866_2019_1520_MOESM1_ESM.xlsx	Table S2	S04488-04		TRI	<=	0.25		
12866_2019_1520_MOESM1_ESM.xlsx	Table S2	S04635-04		AMP	>	64.0		
12866_2019_1520_MOESM1_ESM.xlsx	Table S2	S04635-04		CHL	>	128.0		
12866_2019_1520_MOESM1_ESM.xlsx	Table S2	S04635-04		CIP	=	0.25		mic_sign '=' inferred
12866_2019_1520_MOESM1_ESM.xlsx	Table S2	S04635-04		GEN	<=	0.5		
12866_2019_1520_MOESM1_ESM.xlsx	Table S2	S04635-04		NAL	>	128.0		
12866_2019_1520_MOESM1_ESM.xlsx	Table S2	S04635-04		STR	>	64.0		
12866_2019_1520_MOESM1_ESM.xlsx	Table S2	S04635-04		SMX	>	1024.0		
12866_2019_1520_MOESM1_ESM.xlsx	Table S2	S04635-04		SXT	=	2.0		mic_sign '=' inferred
12866_2019_1520_MOESM1_ESM.xlsx	Table S2	S04635-04		SUL	>	256.0		
12866_2019_1520_MOESM1_ESM.xlsx	Table S2	S04635-04		TET	>	32.0		
12866_2019_1520_MOESM1_ESM.xlsx	Table S2	S04635-04		TRI	>	32.0		
12866_2019_1520_MOESM1_ESM.xlsx	Table S2	L00911-05		AMP	<=	1.0		
12866_2019_1520_MOESM1_ESM.xlsx	Table S2	L00911-05		CHL	<=	8.0		
12866_2019_1520_MOESM1_ESM.xlsx	Table S2	L00911-05		CIP	=	0.03		mic_sign '=' inferred
12866_2019_1520_MOESM1_ESM.xlsx	Table S2	L00911-05		GEN	<=	0.5		
12866_2019_1520_MOESM1_ESM.xlsx	Table S2	L00911-05		NAL	<=	4.0		
12866_2019_1520_MOESM1_ESM.xlsx	Table S2	L00911-05		STR	=	8.0		mic_sign '=' inferred
12866_2019_1520_MOESM1_ESM.xlsx	Table S2	L00911-05		SMX	=	32.0		mic_sign '=' inferred
12866_2019_1520_MOESM1_ESM.xlsx	Table S2	L00911-05		SXT	<=	0.12		
12866_2019_1520_MOESM1_ESM.xlsx	Table S2	L00911-05		SUL	=	32.0		mic_sign '=' inferred
12866_2019_1520_MOESM1_ESM.xlsx	Table S2	L00911-05		TET	>	32.0		
12866_2019_1520_MOESM1_ESM.xlsx	Table S2	L00911-05		TRI	<=	0.25		
12866_2019_1520_MOESM1_ESM.xlsx	Table S2	L02428-05		AMP	<=	1.0		
12866_2019_1520_MOESM1_ESM.xlsx	Table S2	L02428-05		CHL	<=	8.0		
12866_2019_1520_MOESM1_ESM.xlsx	Table S2	L02428-05		CIP	<=	0.015		
12866_2019_1520_MOESM1_ESM.xlsx	Table S2	L02428-05		GEN	=	4.0		mic_sign '=' inferred
12866_2019_1520_MOESM1_ESM.xlsx	Table S2	L02428-05		NAL	<=	4.0		
12866_2019_1520_MOESM1_ESM.xlsx	Table S2	L02428-05		STR	>	64.0		
12866_2019_1520_MOESM1_ESM.xlsx	Table S2	L02428-05		SMX	=	64.0		mic_sign '=' inferred
12866_2019_1520_MOESM1_ESM.xlsx	Table S2	L02428-05		SXT	<=	0.12		
12866_2019_1520_MOESM1_ESM.xlsx	Table S2	L02428-05		SUL	=	256.0		mic_sign '=' inferred
12866_2019_1520_MOESM1_ESM.xlsx	Table S2	L02428-05		TET	<=	4.0		
12866_2019_1520_MOESM1_ESM.xlsx	Table S2	L02428-05		TRI	=	0.5		mic_sign '=' inferred
12866_2019_1520_MOESM1_ESM.xlsx	Table S2	S06569-05		AMP	<=	1.0		
12866_2019_1520_MOESM1_ESM.xlsx	Table S2	S06569-05		CHL	<=	8.0		
12866_2019_1520_MOESM1_ESM.xlsx	Table S2	S06569-05		CIP	<=	0.015		
12866_2019_1520_MOESM1_ESM.xlsx	Table S2	S06569-05		GEN	<=	0.5		
12866_2019_1520_MOESM1_ESM.xlsx	Table S2	S06569-05		NAL	<=	4.0		
12866_2019_1520_MOESM1_ESM.xlsx	Table S2	S06569-05		STR	>	64.0		
12866_2019_1520_MOESM1_ESM.xlsx	Table S2	S06569-05		SMX	>	1024.0		
12866_2019_1520_MOESM1_ESM.xlsx	Table S2	S06569-05		SXT	<=	0.12		
12866_2019_1520_MOESM1_ESM.xlsx	Table S2	S06569-05		SUL	>	256.0		
12866_2019_1520_MOESM1_ESM.xlsx	Table S2	S06569-05		TET	>	32.0		
12866_2019_1520_MOESM1_ESM.xlsx	Table S2	S06569-05		TRI	<=	0.25		
12866_2019_1520_MOESM1_ESM.xlsx	Table S2	L00886-06		AMP	<=	1.0		
12866_2019_1520_MOESM1_ESM.xlsx	Table S2	L00886-06		CHL	<=	8.0		
12866_2019_1520_MOESM1_ESM.xlsx	Table S2	L00886-06		CIP	=	0.03		mic_sign '=' inferred
12866_2019_1520_MOESM1_ESM.xlsx	Table S2	L00886-06		GEN	<=	0.5		
12866_2019_1520_MOESM1_ESM.xlsx	Table S2	L00886-06		NAL	<=	4.0		
12866_2019_1520_MOESM1_ESM.xlsx	Table S2	L00886-06		STR	=	16.0		mic_sign '=' inferred
12866_2019_1520_MOESM1_ESM.xlsx	Table S2	L00886-06		SMX	=	64.0		mic_sign '=' inferred
12866_2019_1520_MOESM1_ESM.xlsx	Table S2	L00886-06		SXT	<=	0.12		
12866_2019_1520_MOESM1_ESM.xlsx	Table S2	L00886-06		SUL	>	256.0		
12866_2019_1520_MOESM1_ESM.xlsx	Table S2	L00886-06		TET	<=	4.0		
12866_2019_1520_MOESM1_ESM.xlsx	Table S2	L00886-06		TRI	=	0.5		mic_sign '=' inferred
12866_2019_1520_MOESM1_ESM.xlsx	Table S2	S02185-06		AMP	<=	1.0		
12866_2019_1520_MOESM1_ESM.xlsx	Table S2	S02185-06		CHL	<=	8.0		
12866_2019_1520_MOESM1_ESM.xlsx	Table S2	S02185-06		CIP	=	0.03		mic_sign '=' inferred
12866_2019_1520_MOESM1_ESM.xlsx	Table S2	S02185-06		GEN	=	2.0		mic_sign '=' inferred
12866_2019_1520_MOESM1_ESM.xlsx	Table S2	S02185-06		NAL	<=	4.0		
12866_2019_1520_MOESM1_ESM.xlsx	Table S2	S02185-06		STR	>	64.0		
12866_2019_1520_MOESM1_ESM.xlsx	Table S2	S02185-06		SMX	=	64.0		mic_sign '=' inferred
12866_2019_1520_MOESM1_ESM.xlsx	Table S2	S02185-06		SXT	<=	0.12		
12866_2019_1520_MOESM1_ESM.xlsx	Table S2	S02185-06		SUL	=	128.0		mic_sign '=' inferred
12866_2019_1520_MOESM1_ESM.xlsx	Table S2	S02185-06		TET	>	32.0		
12866_2019_1520_MOESM1_ESM.xlsx	Table S2	S02185-06		TRI	<=	0.25		
12866_2019_1520_MOESM1_ESM.xlsx	Table S2	S03274-06		AMP	=	2.0		mic_sign '=' inferred
12866_2019_1520_MOESM1_ESM.xlsx	Table S2	S03274-06		CHL	<=	8.0		
12866_2019_1520_MOESM1_ESM.xlsx	Table S2	S03274-06		CIP	=	0.25		mic_sign '=' inferred
12866_2019_1520_MOESM1_ESM.xlsx	Table S2	S03274-06		GEN	<=	0.5		
12866_2019_1520_MOESM1_ESM.xlsx	Table S2	S03274-06		NAL	>	128.0		
12866_2019_1520_MOESM1_ESM.xlsx	Table S2	S03274-06		STR	=	16.0		mic_sign '=' inferred
12866_2019_1520_MOESM1_ESM.xlsx	Table S2	S03274-06		SMX	=	128.0		mic_sign '=' inferred
12866_2019_1520_MOESM1_ESM.xlsx	Table S2	S03274-06		SXT	<=	0.12		
12866_2019_1520_MOESM1_ESM.xlsx	Table S2	S03274-06		SUL	>	256.0		
12866_2019_1520_MOESM1_ESM.xlsx	Table S2	S03274-06		TET	<=	4.0		
12866_2019_1520_MOESM1_ESM.xlsx	Table S2	S03274-06		TRI	=	0.5		mic_sign '=' inferred
12866_2019_1520_MOESM1_ESM.xlsx	Table S2	L00461-07		AMP	>	64.0		
12866_2019_1520_MOESM1_ESM.xlsx	Table S2	L00461-07		CHL	>	128.0		
12866_2019_1520_MOESM1_ESM.xlsx	Table S2	L00461-07		CIP	=	0.25		mic_sign '=' inferred
12866_2019_1520_MOESM1_ESM.xlsx	Table S2	L00461-07		GEN	<=	0.5		
12866_2019_1520_MOESM1_ESM.xlsx	Table S2	L00461-07		NAL	>	128.0		
12866_2019_1520_MOESM1_ESM.xlsx	Table S2	L00461-07		STR	=	64.0		mic_sign '=' inferred
12866_2019_1520_MOESM1_ESM.xlsx	Table S2	L00461-07		SMX	>	1024.0		
12866_2019_1520_MOESM1_ESM.xlsx	Table S2	L00461-07		SXT	=	0.25		mic_sign '=' inferred
12866_2019_1520_MOESM1_ESM.xlsx	Table S2	L00461-07		SUL	>	256.0		
12866_2019_1520_MOESM1_ESM.xlsx	Table S2	L00461-07		TET	>	32.0		
12866_2019_1520_MOESM1_ESM.xlsx	Table S2	L00461-07		TRI	<=	0.25		
12866_2019_1520_MOESM1_ESM.xlsx	Table S2	S02159-07		AMP	<=	1.0		
12866_2019_1520_MOESM1_ESM.xlsx	Table S2	S02159-07		CHL	<=	8.0		
12866_2019_1520_MOESM1_ESM.xlsx	Table S2	S02159-07		CIP	=	0.03		mic_sign '=' inferred
12866_2019_1520_MOESM1_ESM.xlsx	Table S2	S02159-07		GEN	<=	0.5		
12866_2019_1520_MOESM1_ESM.xlsx	Table S2	S02159-07		NAL	<=	4.0		
12866_2019_1520_MOESM1_ESM.xlsx	Table S2	S02159-07		STR	=	8.0		mic_sign '=' inferred
12866_2019_1520_MOESM1_ESM.xlsx	Table S2	S02159-07		SMX	=	32.0		mic_sign '=' inferred
12866_2019_1520_MOESM1_ESM.xlsx	Table S2	S02159-07		SXT	<=	0.12		
12866_2019_1520_MOESM1_ESM.xlsx	Table S2	S02159-07		SUL	=	32.0		mic_sign '=' inferred
12866_2019_1520_MOESM1_ESM.xlsx	Table S2	S02159-07		TET	=	8.0		mic_sign '=' inferred
12866_2019_1520_MOESM1_ESM.xlsx	Table S2	S02159-07		TRI	<=	0.25		
12866_2019_1520_MOESM1_ESM.xlsx	Table S2	S04055-07		AMP	=	8.0		mic_sign '=' inferred
12866_2019_1520_MOESM1_ESM.xlsx	Table S2	S04055-07		CHL	>	128.0		
12866_2019_1520_MOESM1_ESM.xlsx	Table S2	S04055-07		CIP	=	2.0		mic_sign '=' inferred
12866_2019_1520_MOESM1_ESM.xlsx	Table S2	S04055-07		GEN	<=	0.5		
12866_2019_1520_MOESM1_ESM.xlsx	Table S2	S04055-07		NAL	>	128.0		
12866_2019_1520_MOESM1_ESM.xlsx	Table S2	S04055-07		STR	=	64.0		mic_sign '=' inferred
12866_2019_1520_MOESM1_ESM.xlsx	Table S2	S04055-07		SMX	>	1024.0		
12866_2019_1520_MOESM1_ESM.xlsx	Table S2	S04055-07		SXT	=	2.0		mic_sign '=' inferred
12866_2019_1520_MOESM1_ESM.xlsx	Table S2	S04055-07		SUL	>	256.0		
12866_2019_1520_MOESM1_ESM.xlsx	Table S2	S04055-07		TET	>	32.0		
12866_2019_1520_MOESM1_ESM.xlsx	Table S2	S04055-07		TRI	=	1.0		mic_sign '=' inferred
12866_2019_1520_MOESM1_ESM.xlsx	Table S2	L01077-08		AMP	=	2.0		mic_sign '=' inferred
12866_2019_1520_MOESM1_ESM.xlsx	Table S2	L01077-08		CHL	<=	8.0		
12866_2019_1520_MOESM1_ESM.xlsx	Table S2	L01077-08		CIP	=	0.03		mic_sign '=' inferred
12866_2019_1520_MOESM1_ESM.xlsx	Table S2	L01077-08		GEN	<=	0.5		
12866_2019_1520_MOESM1_ESM.xlsx	Table S2	L01077-08		NAL	<=	4.0		
12866_2019_1520_MOESM1_ESM.xlsx	Table S2	L01077-08		STR	=	8.0		mic_sign '=' inferred
12866_2019_1520_MOESM1_ESM.xlsx	Table S2	L01077-08		SMX	>	1024.0		
12866_2019_1520_MOESM1_ESM.xlsx	Table S2	L01077-08		SXT	>	4.0		
12866_2019_1520_MOESM1_ESM.xlsx	Table S2	L01077-08		SUL	>	256.0		
12866_2019_1520_MOESM1_ESM.xlsx	Table S2	L01077-08		TET	>	32.0		
12866_2019_1520_MOESM1_ESM.xlsx	Table S2	L01077-08		TRI	>	32.0		
12866_2019_1520_MOESM1_ESM.xlsx	Table S2	S00083-08		AMP	>	64.0		
12866_2019_1520_MOESM1_ESM.xlsx	Table S2	S00083-08		CHL	=	64.0		mic_sign '=' inferred
12866_2019_1520_MOESM1_ESM.xlsx	Table S2	S00083-08		CIP	=	0.03		mic_sign '=' inferred
12866_2019_1520_MOESM1_ESM.xlsx	Table S2	S00083-08		GEN	<=	0.5		
12866_2019_1520_MOESM1_ESM.xlsx	Table S2	S00083-08		NAL	<=	4.0		
12866_2019_1520_MOESM1_ESM.xlsx	Table S2	S00083-08		STR	>	64.0		
12866_2019_1520_MOESM1_ESM.xlsx	Table S2	S00083-08		SMX	>	1024.0		
12866_2019_1520_MOESM1_ESM.xlsx	Table S2	S00083-08		SXT	>	4.0		
12866_2019_1520_MOESM1_ESM.xlsx	Table S2	S00083-08		SUL	>	256.0		
12866_2019_1520_MOESM1_ESM.xlsx	Table S2	S00083-08		TET	>	32.0		
12866_2019_1520_MOESM1_ESM.xlsx	Table S2	S00083-08		TRI	>	32.0		
12866_2019_1520_MOESM1_ESM.xlsx	Table S2	S01194-08		AMP	>	64.0		
12866_2019_1520_MOESM1_ESM.xlsx	Table S2	S01194-08		CHL	<=	8.0		
12866_2019_1520_MOESM1_ESM.xlsx	Table S2	S01194-08		CIP	=	0.5		mic_sign '=' inferred
12866_2019_1520_MOESM1_ESM.xlsx	Table S2	S01194-08		GEN	<=	0.5		
12866_2019_1520_MOESM1_ESM.xlsx	Table S2	S01194-08		NAL	>	128.0		
12866_2019_1520_MOESM1_ESM.xlsx	Table S2	S01194-08		STR	=	16.0		mic_sign '=' inferred
12866_2019_1520_MOESM1_ESM.xlsx	Table S2	S01194-08		SMX	>	1024.0		
12866_2019_1520_MOESM1_ESM.xlsx	Table S2	S01194-08		SXT	>	4.0		
12866_2019_1520_MOESM1_ESM.xlsx	Table S2	S01194-08		SUL	>	256.0		
12866_2019_1520_MOESM1_ESM.xlsx	Table S2	S01194-08		TET	>	32.0		
12866_2019_1520_MOESM1_ESM.xlsx	Table S2	S01194-08		TRI	>	32.0		
12866_2019_1520_MOESM1_ESM.xlsx	Table S2	S02790-08		AMP	=	2.0		mic_sign '=' inferred
12866_2019_1520_MOESM1_ESM.xlsx	Table S2	S02790-08		CHL	<=	8.0		
12866_2019_1520_MOESM1_ESM.xlsx	Table S2	S02790-08		CIP	=	0.03		mic_sign '=' inferred
12866_2019_1520_MOESM1_ESM.xlsx	Table S2	S02790-08		GEN	<=	0.5		
12866_2019_1520_MOESM1_ESM.xlsx	Table S2	S02790-08		NAL	=	8.0		mic_sign '=' inferred
12866_2019_1520_MOESM1_ESM.xlsx	Table S2	S02790-08		STR	=	8.0		mic_sign '=' inferred
12866_2019_1520_MOESM1_ESM.xlsx	Table S2	S02790-08		SMX	=	16.0		mic_sign '=' inferred
12866_2019_1520_MOESM1_ESM.xlsx	Table S2	S02790-08		SXT	<=	0.12		
12866_2019_1520_MOESM1_ESM.xlsx	Table S2	S02790-08		SUL	=	32.0		mic_sign '=' inferred
12866_2019_1520_MOESM1_ESM.xlsx	Table S2	S02790-08		TET	<=	4.0		
12866_2019_1520_MOESM1_ESM.xlsx	Table S2	S02790-08		TRI	=	0.5		mic_sign '=' inferred
12866_2019_1520_MOESM1_ESM.xlsx	Table S2	S06001-08		AMP	<=	1.0		
12866_2019_1520_MOESM1_ESM.xlsx	Table S2	S06001-08		CHL	<=	8.0		
12866_2019_1520_MOESM1_ESM.xlsx	Table S2	S06001-08		CIP	=	0.5		mic_sign '=' inferred
12866_2019_1520_MOESM1_ESM.xlsx	Table S2	S06001-08		GEN	<=	0.5		
12866_2019_1520_MOESM1_ESM.xlsx	Table S2	S06001-08		NAL	=	32.0		mic_sign '=' inferred
12866_2019_1520_MOESM1_ESM.xlsx	Table S2	S06001-08		STR	>	64.0		
12866_2019_1520_MOESM1_ESM.xlsx	Table S2	S06001-08		SMX	>	1024.0		
12866_2019_1520_MOESM1_ESM.xlsx	Table S2	S06001-08		SXT	=	0.25		mic_sign '=' inferred
12866_2019_1520_MOESM1_ESM.xlsx	Table S2	S06001-08		SUL	>	256.0		
12866_2019_1520_MOESM1_ESM.xlsx	Table S2	S06001-08		TET	>	32.0		
12866_2019_1520_MOESM1_ESM.xlsx	Table S2	S06001-08		TRI	<=	0.25		
12866_2019_1520_MOESM1_ESM.xlsx	Table S2	L01443-09		AMP	<=	1.0		
12866_2019_1520_MOESM1_ESM.xlsx	Table S2	L01443-09		CHL	<=	8.0		
12866_2019_1520_MOESM1_ESM.xlsx	Table S2	L01443-09		CIP	=	0.03		mic_sign '=' inferred
12866_2019_1520_MOESM1_ESM.xlsx	Table S2	L01443-09		GEN	<=	0.5		
12866_2019_1520_MOESM1_ESM.xlsx	Table S2	L01443-09		NAL	<=	4.0		
12866_2019_1520_MOESM1_ESM.xlsx	Table S2	L01443-09		STR	=	16.0		mic_sign '=' inferred
12866_2019_1520_MOESM1_ESM.xlsx	Table S2	L01443-09		SMX	<=	8.0		
12866_2019_1520_MOESM1_ESM.xlsx	Table S2	L01443-09		SXT	<=	0.12		
12866_2019_1520_MOESM1_ESM.xlsx	Table S2	L01443-09		SUL	<=	16.0		
12866_2019_1520_MOESM1_ESM.xlsx	Table S2	L01443-09		TET	<=	4.0		
12866_2019_1520_MOESM1_ESM.xlsx	Table S2	L01443-09		TRI	<=	0.25		
12866_2019_1520_MOESM1_ESM.xlsx	Table S2	S04655-09		AMP	>	64.0		
12866_2019_1520_MOESM1_ESM.xlsx	Table S2	S04655-09		CHL	>	128.0		
12866_2019_1520_MOESM1_ESM.xlsx	Table S2	S04655-09		CIP	=	0.25		mic_sign '=' inferred
12866_2019_1520_MOESM1_ESM.xlsx	Table S2	S04655-09		GEN	<=	0.5		
12866_2019_1520_MOESM1_ESM.xlsx	Table S2	S04655-09		NAL	>	128.0		
12866_2019_1520_MOESM1_ESM.xlsx	Table S2	S04655-09		STR	>	64.0		
12866_2019_1520_MOESM1_ESM.xlsx	Table S2	S04655-09		SMX	>	1024.0		
12866_2019_1520_MOESM1_ESM.xlsx	Table S2	S04655-09		SXT	>	4.0		
12866_2019_1520_MOESM1_ESM.xlsx	Table S2	S04655-09		SUL	>	256.0		
12866_2019_1520_MOESM1_ESM.xlsx	Table S2	S04655-09		TET	>	32.0		
12866_2019_1520_MOESM1_ESM.xlsx	Table S2	S04655-09		TRI	>	32.0		
12866_2019_1520_MOESM1_ESM.xlsx	Table S2	S05231-09		AMP	>	64.0		
12866_2019_1520_MOESM1_ESM.xlsx	Table S2	S05231-09		CHL	>	128.0		
12866_2019_1520_MOESM1_ESM.xlsx	Table S2	S05231-09		CIP	=	0.25		mic_sign '=' inferred
12866_2019_1520_MOESM1_ESM.xlsx	Table S2	S05231-09		GEN	<=	0.5		
12866_2019_1520_MOESM1_ESM.xlsx	Table S2	S05231-09		NAL	>	128.0		
12866_2019_1520_MOESM1_ESM.xlsx	Table S2	S05231-09		STR	=	64.0		mic_sign '=' inferred
12866_2019_1520_MOESM1_ESM.xlsx	Table S2	S05231-09		SMX	>	1024.0		
12866_2019_1520_MOESM1_ESM.xlsx	Table S2	S05231-09		SXT	=	0.25		mic_sign '=' inferred
12866_2019_1520_MOESM1_ESM.xlsx	Table S2	S05231-09		SUL	>	256.0		
12866_2019_1520_MOESM1_ESM.xlsx	Table S2	S05231-09		TET	>	32.0		
12866_2019_1520_MOESM1_ESM.xlsx	Table S2	S05231-09		TRI	<=	0.25		
12866_2019_1520_MOESM1_ESM.xlsx	Table S2	S05290-09		AMP	<=	1.0		
12866_2019_1520_MOESM1_ESM.xlsx	Table S2	S05290-09		CHL	<=	8.0		
12866_2019_1520_MOESM1_ESM.xlsx	Table S2	S05290-09		CIP	=	0.03		mic_sign '=' inferred
12866_2019_1520_MOESM1_ESM.xlsx	Table S2	S05290-09		GEN	<=	0.5		
12866_2019_1520_MOESM1_ESM.xlsx	Table S2	S05290-09		NAL	=	8.0		mic_sign '=' inferred
12866_2019_1520_MOESM1_ESM.xlsx	Table S2	S05290-09		STR	=	8.0		mic_sign '=' inferred
12866_2019_1520_MOESM1_ESM.xlsx	Table S2	S05290-09		SMX	=	32.0		mic_sign '=' inferred
12866_2019_1520_MOESM1_ESM.xlsx	Table S2	S05290-09		SXT	<=	0.12		
12866_2019_1520_MOESM1_ESM.xlsx	Table S2	S05290-09		SUL	=	32.0		mic_sign '=' inferred
12866_2019_1520_MOESM1_ESM.xlsx	Table S2	S05290-09		TET	<=	4.0		
12866_2019_1520_MOESM1_ESM.xlsx	Table S2	S05290-09		TRI	<=	0.25		
12866_2019_1520_MOESM1_ESM.xlsx	Table S2	L00005-10		AMP	>	64.0		
12866_2019_1520_MOESM1_ESM.xlsx	Table S2	L00005-10		CHL	=	128.0		mic_sign '=' inferred
12866_2019_1520_MOESM1_ESM.xlsx	Table S2	L00005-10		CIP	=	0.03		mic_sign '=' inferred
12866_2019_1520_MOESM1_ESM.xlsx	Table S2	L00005-10		GEN	<=	0.5		
12866_2019_1520_MOESM1_ESM.xlsx	Table S2	L00005-10		NAL	<=	4.0		
12866_2019_1520_MOESM1_ESM.xlsx	Table S2	L00005-10		STR	=	64.0		mic_sign '=' inferred
12866_2019_1520_MOESM1_ESM.xlsx	Table S2	L00005-10		SMX	>	1024.0		
12866_2019_1520_MOESM1_ESM.xlsx	Table S2	L00005-10		SXT	>	4.0		
12866_2019_1520_MOESM1_ESM.xlsx	Table S2	L00005-10		SUL	>	256.0		
12866_2019_1520_MOESM1_ESM.xlsx	Table S2	L00005-10		TET	<=	4.0		
12866_2019_1520_MOESM1_ESM.xlsx	Table S2	L00005-10		TRI	>	32.0		
12866_2019_1520_MOESM1_ESM.xlsx	Table S2	L00427-10		AMP	>	64.0		
12866_2019_1520_MOESM1_ESM.xlsx	Table S2	L00427-10		CHL	<=	8.0		
12866_2019_1520_MOESM1_ESM.xlsx	Table S2	L00427-10		CIP	=	0.03		mic_sign '=' inferred
12866_2019_1520_MOESM1_ESM.xlsx	Table S2	L00427-10		GEN	<=	0.5		
12866_2019_1520_MOESM1_ESM.xlsx	Table S2	L00427-10		NAL	=	8.0		mic_sign '=' inferred
12866_2019_1520_MOESM1_ESM.xlsx	Table S2	L00427-10		STR	=	32.0		mic_sign '=' inferred
12866_2019_1520_MOESM1_ESM.xlsx	Table S2	L00427-10		SMX	>	1024.0		
12866_2019_1520_MOESM1_ESM.xlsx	Table S2	L00427-10		SXT	>	4.0		
12866_2019_1520_MOESM1_ESM.xlsx	Table S2	L00427-10		SUL	>	256.0		
12866_2019_1520_MOESM1_ESM.xlsx	Table S2	L00427-10		TET	>	32.0		
12866_2019_1520_MOESM1_ESM.xlsx	Table S2	L00427-10		TRI	>	32.0		
12866_2019_1520_MOESM1_ESM.xlsx	Table S2	S00399-10		AMP	=	2.0		mic_sign '=' inferred
12866_2019_1520_MOESM1_ESM.xlsx	Table S2	S00399-10		CHL	<=	8.0		
12866_2019_1520_MOESM1_ESM.xlsx	Table S2	S00399-10		CIP	=	0.03		mic_sign '=' inferred
12866_2019_1520_MOESM1_ESM.xlsx	Table S2	S00399-10		GEN	<=	0.5		
12866_2019_1520_MOESM1_ESM.xlsx	Table S2	S00399-10		NAL	<=	4.0		
12866_2019_1520_MOESM1_ESM.xlsx	Table S2	S00399-10		STR	=	8.0		mic_sign '=' inferred
12866_2019_1520_MOESM1_ESM.xlsx	Table S2	S00399-10		SMX	=	64.0		mic_sign '=' inferred
12866_2019_1520_MOESM1_ESM.xlsx	Table S2	S00399-10		SXT	<=	0.12		
12866_2019_1520_MOESM1_ESM.xlsx	Table S2	S00399-10		SUL	>	256.0		
12866_2019_1520_MOESM1_ESM.xlsx	Table S2	S00399-10		TET	<=	4.0		
12866_2019_1520_MOESM1_ESM.xlsx	Table S2	S00399-10		TRI	<=	0.25		
12866_2019_1520_MOESM1_ESM.xlsx	Table S2	S03040-10		AMP	>	64.0		
12866_2019_1520_MOESM1_ESM.xlsx	Table S2	S03040-10		CHL	>	128.0		
12866_2019_1520_MOESM1_ESM.xlsx	Table S2	S03040-10		CIP	=	0.5		mic_sign '=' inferred
12866_2019_1520_MOESM1_ESM.xlsx	Table S2	S03040-10		GEN	<=	0.5		
12866_2019_1520_MOESM1_ESM.xlsx	Table S2	S03040-10		NAL	>	128.0		
12866_2019_1520_MOESM1_ESM.xlsx	Table S2	S03040-10		STR	>	64.0		
12866_2019_1520_MOESM1_ESM.xlsx	Table S2	S03040-10		SMX	>	1024.0		
12866_2019_1520_MOESM1_ESM.xlsx	Table S2	S03040-10		SXT	>	4.0		
12866_2019_1520_MOESM1_ESM.xlsx	Table S2	S03040-10		SUL	>	256.0		
12866_2019_1520_MOESM1_ESM.xlsx	Table S2	S03040-10		TET	>	32.0		
12866_2019_1520_MOESM1_ESM.xlsx	Table S2	S03040-10		TRI	>	32.0		
12866_2019_1520_MOESM1_ESM.xlsx	Table S2	L00738-11		AMP	=	2.0		mic_sign '=' inferred
12866_2019_1520_MOESM1_ESM.xlsx	Table S2	L00738-11		CHL	<=	8.0		
12866_2019_1520_MOESM1_ESM.xlsx	Table S2	L00738-11		CIP	=	0.5		mic_sign '=' inferred
12866_2019_1520_MOESM1_ESM.xlsx	Table S2	L00738-11		GEN	<=	0.5		
12866_2019_1520_MOESM1_ESM.xlsx	Table S2	L00738-11		NAL	>	128.0		
12866_2019_1520_MOESM1_ESM.xlsx	Table S2	L00738-11		STR	=	16.0		mic_sign '=' inferred
12866_2019_1520_MOESM1_ESM.xlsx	Table S2	L00738-11		SMX	=	64.0		mic_sign '=' inferred
12866_2019_1520_MOESM1_ESM.xlsx	Table S2	L00738-11		SXT	<=	0.12		
12866_2019_1520_MOESM1_ESM.xlsx	Table S2	L00738-11		SUL	>	256.0		
12866_2019_1520_MOESM1_ESM.xlsx	Table S2	L00738-11		TET	<=	4.0		
12866_2019_1520_MOESM1_ESM.xlsx	Table S2	L00738-11		TRI	<=	0.25		
12866_2019_1520_MOESM1_ESM.xlsx	Table S2	L00746-11		AMP	=	2.0		mic_sign '=' inferred
12866_2019_1520_MOESM1_ESM.xlsx	Table S2	L00746-11		CHL	=	64.0		mic_sign '=' inferred
12866_2019_1520_MOESM1_ESM.xlsx	Table S2	L00746-11		CIP	=	0.03		mic_sign '=' inferred
12866_2019_1520_MOESM1_ESM.xlsx	Table S2	L00746-11		GEN	=	32.0		mic_sign '=' inferred
12866_2019_1520_MOESM1_ESM.xlsx	Table S2	L00746-11		NAL	<=	4.0		
12866_2019_1520_MOESM1_ESM.xlsx	Table S2	L00746-11		STR	=	32.0		mic_sign '=' inferred
12866_2019_1520_MOESM1_ESM.xlsx	Table S2	L00746-11		SMX	>	1024.0		
12866_2019_1520_MOESM1_ESM.xlsx	Table S2	L00746-11		SXT	>	4.0		
12866_2019_1520_MOESM1_ESM.xlsx	Table S2	L00746-11		SUL	>	256.0		
12866_2019_1520_MOESM1_ESM.xlsx	Table S2	L00746-11		TET	<=	4.0		
12866_2019_1520_MOESM1_ESM.xlsx	Table S2	L00746-11		TRI	>	32.0		
12866_2019_1520_MOESM1_ESM.xlsx	Table S2	L00777-11		AMP	<=	1.0		
12866_2019_1520_MOESM1_ESM.xlsx	Table S2	L00777-11		CHL	<=	8.0		
12866_2019_1520_MOESM1_ESM.xlsx	Table S2	L00777-11		CIP	=	0.03		mic_sign '=' inferred
12866_2019_1520_MOESM1_ESM.xlsx	Table S2	L00777-11		GEN	=	1.0		mic_sign '=' inferred
12866_2019_1520_MOESM1_ESM.xlsx	Table S2	L00777-11		NAL	<=	4.0		
12866_2019_1520_MOESM1_ESM.xlsx	Table S2	L00777-11		STR	=	16.0		mic_sign '=' inferred
12866_2019_1520_MOESM1_ESM.xlsx	Table S2	L00777-11		SMX	=	64.0		mic_sign '=' inferred
12866_2019_1520_MOESM1_ESM.xlsx	Table S2	L00777-11		SXT	<=	0.12		
12866_2019_1520_MOESM1_ESM.xlsx	Table S2	L00777-11		SUL	=	128.0		mic_sign '=' inferred
12866_2019_1520_MOESM1_ESM.xlsx	Table S2	L00777-11		TET	<=	4.0		
12866_2019_1520_MOESM1_ESM.xlsx	Table S2	L00777-11		TRI	<=	0.25		
12866_2019_1520_MOESM1_ESM.xlsx	Table S2	L01210-11		AMP	=	2.0		mic_sign '=' inferred
12866_2019_1520_MOESM1_ESM.xlsx	Table S2	L01210-11		CHL	=	64.0		mic_sign '=' inferred
12866_2019_1520_MOESM1_ESM.xlsx	Table S2	L01210-11		CIP	=	0.03		mic_sign '=' inferred
12866_2019_1520_MOESM1_ESM.xlsx	Table S2	L01210-11		GEN	<=	0.5		
12866_2019_1520_MOESM1_ESM.xlsx	Table S2	L01210-11		NAL	<=	4.0		
12866_2019_1520_MOESM1_ESM.xlsx	Table S2	L01210-11		STR	>	64.0		
12866_2019_1520_MOESM1_ESM.xlsx	Table S2	L01210-11		SMX	>	1024.0		
12866_2019_1520_MOESM1_ESM.xlsx	Table S2	L01210-11		SXT	>	4.0		
12866_2019_1520_MOESM1_ESM.xlsx	Table S2	L01210-11		SUL	>	256.0		
12866_2019_1520_MOESM1_ESM.xlsx	Table S2	L01210-11		TET	>	32.0		
12866_2019_1520_MOESM1_ESM.xlsx	Table S2	L01210-11		TRI	>	32.0		
12866_2019_1520_MOESM1_ESM.xlsx	Table S2	S00454-11		AMP	=	2.0		mic_sign '=' inferred
12866_2019_1520_MOESM1_ESM.xlsx	Table S2	S00454-11		CHL	<=	8.0		
12866_2019_1520_MOESM1_ESM.xlsx	Table S2	S00454-11		CIP	=	0.03		mic_sign '=' inferred
12866_2019_1520_MOESM1_ESM.xlsx	Table S2	S00454-11		GEN	<=	0.5		
12866_2019_1520_MOESM1_ESM.xlsx	Table S2	S00454-11		NAL	=	8.0		mic_sign '=' inferred
12866_2019_1520_MOESM1_ESM.xlsx	Table S2	S00454-11		STR	=	16.0		mic_sign '=' inferred
12866_2019_1520_MOESM1_ESM.xlsx	Table S2	S00454-11		SMX	=	32.0		mic_sign '=' inferred
12866_2019_1520_MOESM1_ESM.xlsx	Table S2	S00454-11		SXT	<=	0.12		
12866_2019_1520_MOESM1_ESM.xlsx	Table S2	S00454-11		SUL	=	32.0		mic_sign '=' inferred
12866_2019_1520_MOESM1_ESM.xlsx	Table S2	S00454-11		TET	<=	4.0		
12866_2019_1520_MOESM1_ESM.xlsx	Table S2	S00454-11		TRI	=	0.5		mic_sign '=' inferred
12866_2019_1520_MOESM1_ESM.xlsx	Table S2	S01727-11		AMP	=	2.0		mic_sign '=' inferred
12866_2019_1520_MOESM1_ESM.xlsx	Table S2	S01727-11		CHL	<=	8.0		
12866_2019_1520_MOESM1_ESM.xlsx	Table S2	S01727-11		CIP	=	0.25		mic_sign '=' inferred
12866_2019_1520_MOESM1_ESM.xlsx	Table S2	S01727-11		GEN	<=	0.5		
12866_2019_1520_MOESM1_ESM.xlsx	Table S2	S01727-11		NAL	>	128.0		
12866_2019_1520_MOESM1_ESM.xlsx	Table S2	S01727-11		STR	=	8.0		mic_sign '=' inferred
12866_2019_1520_MOESM1_ESM.xlsx	Table S2	S01727-11		SMX	=	32.0		mic_sign '=' inferred
12866_2019_1520_MOESM1_ESM.xlsx	Table S2	S01727-11		SXT	<=	0.12		
12866_2019_1520_MOESM1_ESM.xlsx	Table S2	S01727-11		SUL	=	32.0		mic_sign '=' inferred
12866_2019_1520_MOESM1_ESM.xlsx	Table S2	S01727-11		TET	<=	4.0		
12866_2019_1520_MOESM1_ESM.xlsx	Table S2	S01727-11		TRI	<=	0.25		
12866_2019_1520_MOESM1_ESM.xlsx	Table S2	S02336-11		AMP	<=	1.0		
12866_2019_1520_MOESM1_ESM.xlsx	Table S2	S02336-11		CHL	<=	8.0		
12866_2019_1520_MOESM1_ESM.xlsx	Table S2	S02336-11		CIP	<=	0.015		
12866_2019_1520_MOESM1_ESM.xlsx	Table S2	S02336-11		GEN	<=	0.5		
12866_2019_1520_MOESM1_ESM.xlsx	Table S2	S02336-11		NAL	<=	4.0		
12866_2019_1520_MOESM1_ESM.xlsx	Table S2	S02336-11		STR	=	16.0		mic_sign '=' inferred
12866_2019_1520_MOESM1_ESM.xlsx	Table S2	S02336-11		SMX	<=	8.0		
12866_2019_1520_MOESM1_ESM.xlsx	Table S2	S02336-11		SXT	<=	0.12		
12866_2019_1520_MOESM1_ESM.xlsx	Table S2	S02336-11		SUL	<=	16.0		
12866_2019_1520_MOESM1_ESM.xlsx	Table S2	S02336-11		TET	<=	4.0		
12866_2019_1520_MOESM1_ESM.xlsx	Table S2	S02336-11		TRI	<=	0.25		
12866_2019_1520_MOESM1_ESM.xlsx	Table S2	S02636-11		AMP	>	64.0		
12866_2019_1520_MOESM1_ESM.xlsx	Table S2	S02636-11		CHL	=	128.0		mic_sign '=' inferred
12866_2019_1520_MOESM1_ESM.xlsx	Table S2	S02636-11		CIP	<=	0.015		
12866_2019_1520_MOESM1_ESM.xlsx	Table S2	S02636-11		GEN	<=	0.5		
12866_2019_1520_MOESM1_ESM.xlsx	Table S2	S02636-11		NAL	<=	4.0		
12866_2019_1520_MOESM1_ESM.xlsx	Table S2	S02636-11		STR	=	16.0		mic_sign '=' inferred
12866_2019_1520_MOESM1_ESM.xlsx	Table S2	S02636-11		SMX	>	1024.0		
12866_2019_1520_MOESM1_ESM.xlsx	Table S2	S02636-11		SXT	>	4.0		
12866_2019_1520_MOESM1_ESM.xlsx	Table S2	S02636-11		SUL	>	256.0		
12866_2019_1520_MOESM1_ESM.xlsx	Table S2	S02636-11		TET	<=	4.0		
12866_2019_1520_MOESM1_ESM.xlsx	Table S2	S02636-11		TRI	>	32.0		
12866_2019_1520_MOESM1_ESM.xlsx	Table S2	S03924-11		AMP	=	2.0		mic_sign '=' inferred
12866_2019_1520_MOESM1_ESM.xlsx	Table S2	S03924-11		CHL	=	128.0		mic_sign '=' inferred
12866_2019_1520_MOESM1_ESM.xlsx	Table S2	S03924-11		CIP	=	0.03		mic_sign '=' inferred
12866_2019_1520_MOESM1_ESM.xlsx	Table S2	S03924-11		GEN	=	32.0		mic_sign '=' inferred
12866_2019_1520_MOESM1_ESM.xlsx	Table S2	S03924-11		NAL	<=	4.0		
12866_2019_1520_MOESM1_ESM.xlsx	Table S2	S03924-11		STR	>	64.0		
12866_2019_1520_MOESM1_ESM.xlsx	Table S2	S03924-11		SMX	>	1024.0		
12866_2019_1520_MOESM1_ESM.xlsx	Table S2	S03924-11		SXT	>	4.0		
12866_2019_1520_MOESM1_ESM.xlsx	Table S2	S03924-11		SUL	>	256.0		
12866_2019_1520_MOESM1_ESM.xlsx	Table S2	S03924-11		TET	>	32.0		
12866_2019_1520_MOESM1_ESM.xlsx	Table S2	S03924-11		TRI	>	32.0		
12866_2019_1520_MOESM1_ESM.xlsx	Table S2	S02347-12		AMP	>	64.0		
12866_2019_1520_MOESM1_ESM.xlsx	Table S2	S02347-12		CHL	<=	8.0		
12866_2019_1520_MOESM1_ESM.xlsx	Table S2	S02347-12		CIP	=	0.5		mic_sign '=' inferred
12866_2019_1520_MOESM1_ESM.xlsx	Table S2	S02347-12		GEN	<=	0.5		
12866_2019_1520_MOESM1_ESM.xlsx	Table S2	S02347-12		NAL	>	128.0		
12866_2019_1520_MOESM1_ESM.xlsx	Table S2	S02347-12		STR	=	16.0		mic_sign '=' inferred
12866_2019_1520_MOESM1_ESM.xlsx	Table S2	S02347-12		SMX	>	1024.0		
12866_2019_1520_MOESM1_ESM.xlsx	Table S2	S02347-12		SXT	<=	0.12		
12866_2019_1520_MOESM1_ESM.xlsx	Table S2	S02347-12		SUL	=	64.0		mic_sign '=' inferred
12866_2019_1520_MOESM1_ESM.xlsx	Table S2	S02347-12		TET	<=	4.0		
12866_2019_1520_MOESM1_ESM.xlsx	Table S2	S02347-12		TRI	<=	0.25		
12866_2019_1520_MOESM1_ESM.xlsx	Table S2	S06636-12		AMP	<=	1.0		
12866_2019_1520_MOESM1_ESM.xlsx	Table S2	S06636-12		CHL	<=	8.0		
12866_2019_1520_MOESM1_ESM.xlsx	Table S2	S06636-12		CIP	=	0.03		mic_sign '=' inferred
12866_2019_1520_MOESM1_ESM.xlsx	Table S2	S06636-12		GEN	=	32.0		mic_sign '=' inferred
12866_2019_1520_MOESM1_ESM.xlsx	Table S2	S06636-12		NAL	>	128.0		
12866_2019_1520_MOESM1_ESM.xlsx	Table S2	S06636-12		STR	>	64.0		
12866_2019_1520_MOESM1_ESM.xlsx	Table S2	S06636-12		SMX	>	1024.0		
12866_2019_1520_MOESM1_ESM.xlsx	Table S2	S06636-12		SXT	<=	0.12		
12866_2019_1520_MOESM1_ESM.xlsx	Table S2	S06636-12		SUL	>	256.0		
12866_2019_1520_MOESM1_ESM.xlsx	Table S2	S06636-12		TET	>	32.0		
12866_2019_1520_MOESM1_ESM.xlsx	Table S2	S06636-12		TRI	<=	0.25		
12866_2019_1520_MOESM1_ESM.xlsx	Table S2	S00478-13		AMP	>	64.0		
12866_2019_1520_MOESM1_ESM.xlsx	Table S2	S00478-13		CHL	<=	8.0		
12866_2019_1520_MOESM1_ESM.xlsx	Table S2	S00478-13		CIP	<=	0.015		
12866_2019_1520_MOESM1_ESM.xlsx	Table S2	S00478-13		GEN	=	8.0		mic_sign '=' inferred
12866_2019_1520_MOESM1_ESM.xlsx	Table S2	S00478-13		NAL	<=	4.0		
12866_2019_1520_MOESM1_ESM.xlsx	Table S2	S00478-13		STR	>	64.0		
12866_2019_1520_MOESM1_ESM.xlsx	Table S2	S00478-13		SMX	>	1024.0		
12866_2019_1520_MOESM1_ESM.xlsx	Table S2	S00478-13		SXT	<=	0.12		
12866_2019_1520_MOESM1_ESM.xlsx	Table S2	S00478-13		SUL	>	256.0		
12866_2019_1520_MOESM1_ESM.xlsx	Table S2	S00478-13		TET	>	32.0		
12866_2019_1520_MOESM1_ESM.xlsx	Table S2	S00478-13		TRI	<=	0.25		
12866_2019_1520_MOESM1_ESM.xlsx	Table S2	S01870-13		AMP	>	64.0		
12866_2019_1520_MOESM1_ESM.xlsx	Table S2	S01870-13		CHL	<=	8.0		
12866_2019_1520_MOESM1_ESM.xlsx	Table S2	S01870-13		CIP	=	0.03		mic_sign '=' inferred
12866_2019_1520_MOESM1_ESM.xlsx	Table S2	S01870-13		GEN	<=	0.5		
12866_2019_1520_MOESM1_ESM.xlsx	Table S2	S01870-13		NAL	<=	4.0		
12866_2019_1520_MOESM1_ESM.xlsx	Table S2	S01870-13		STR	>	64.0		
12866_2019_1520_MOESM1_ESM.xlsx	Table S2	S01870-13		SMX	>	1024.0		
12866_2019_1520_MOESM1_ESM.xlsx	Table S2	S01870-13		SXT	>	4.0		
12866_2019_1520_MOESM1_ESM.xlsx	Table S2	S01870-13		SUL	>	256.0		
12866_2019_1520_MOESM1_ESM.xlsx	Table S2	S01870-13		TET	>	32.0		
12866_2019_1520_MOESM1_ESM.xlsx	Table S2	S01870-13		TRI	>	32.0		
12866_2019_1520_MOESM1_ESM.xlsx	Table S2	S03120-13		AMP	<=	1.0		
12866_2019_1520_MOESM1_ESM.xlsx	Table S2	S03120-13		CHL	<=	8.0		
12866_2019_1520_MOESM1_ESM.xlsx	Table S2	S03120-13		CIP	=	0.03		mic_sign '=' inferred
12866_2019_1520_MOESM1_ESM.xlsx	Table S2	S03120-13		GEN	<=	0.5		
12866_2019_1520_MOESM1_ESM.xlsx	Table S2	S03120-13		NAL	<=	4.0		
12866_2019_1520_MOESM1_ESM.xlsx	Table S2	S03120-13		STR	=	16.0		mic_sign '=' inferred
12866_2019_1520_MOESM1_ESM.xlsx	Table S2	S03120-13		SMX	=	32.0		mic_sign '=' inferred
12866_2019_1520_MOESM1_ESM.xlsx	Table S2	S03120-13		SXT	<=	0.12		
12866_2019_1520_MOESM1_ESM.xlsx	Table S2	S03120-13		SUL	=	64.0		mic_sign '=' inferred
12866_2019_1520_MOESM1_ESM.xlsx	Table S2	S03120-13		TET	<=	4.0		
12866_2019_1520_MOESM1_ESM.xlsx	Table S2	S03120-13		TRI	=	0.5		mic_sign '=' inferred
12866_2019_1520_MOESM1_ESM.xlsx	Table S2	S03862-13		AMP	<=	1.0		
12866_2019_1520_MOESM1_ESM.xlsx	Table S2	S03862-13		CHL	<=	8.0		
12866_2019_1520_MOESM1_ESM.xlsx	Table S2	S03862-13		CIP	=	0.03		mic_sign '=' inferred
12866_2019_1520_MOESM1_ESM.xlsx	Table S2	S03862-13		GEN	<=	0.5		
12866_2019_1520_MOESM1_ESM.xlsx	Table S2	S03862-13		NAL	<=	4.0		
12866_2019_1520_MOESM1_ESM.xlsx	Table S2	S03862-13		STR	=	32.0		mic_sign '=' inferred
12866_2019_1520_MOESM1_ESM.xlsx	Table S2	S03862-13		SMX	<=	8.0		
12866_2019_1520_MOESM1_ESM.xlsx	Table S2	S03862-13		SXT	<=	0.12		
12866_2019_1520_MOESM1_ESM.xlsx	Table S2	S03862-13		SUL	<=	16.0		
12866_2019_1520_MOESM1_ESM.xlsx	Table S2	S03862-13		TET	<=	4.0		
12866_2019_1520_MOESM1_ESM.xlsx	Table S2	S03862-13		TRI	<=	0.25		
12866_2019_1520_MOESM1_ESM.xlsx	Table S2	S01119-14		AMP	>	64.0		
12866_2019_1520_MOESM1_ESM.xlsx	Table S2	S01119-14		CHL	=	128.0		mic_sign '=' inferred
12866_2019_1520_MOESM1_ESM.xlsx	Table S2	S01119-14		CIP	=	0.03		mic_sign '=' inferred
12866_2019_1520_MOESM1_ESM.xlsx	Table S2	S01119-14		GEN	<=	0.5		
12866_2019_1520_MOESM1_ESM.xlsx	Table S2	S01119-14		NAL	<=	4.0		
12866_2019_1520_MOESM1_ESM.xlsx	Table S2	S01119-14		STR	=	32.0		mic_sign '=' inferred
12866_2019_1520_MOESM1_ESM.xlsx	Table S2	S01119-14		SMX	>	1024.0		
12866_2019_1520_MOESM1_ESM.xlsx	Table S2	S01119-14		SXT	>	4.0		
12866_2019_1520_MOESM1_ESM.xlsx	Table S2	S01119-14		SUL	>	256.0		
12866_2019_1520_MOESM1_ESM.xlsx	Table S2	S01119-14		TET	<=	4.0		
12866_2019_1520_MOESM1_ESM.xlsx	Table S2	S01119-14		TRI	>	32.0		
12866_2019_1520_MOESM1_ESM.xlsx	Table S2	S02289-14		AMP	>	64.0		
12866_2019_1520_MOESM1_ESM.xlsx	Table S2	S02289-14		CHL	<=	8.0		
12866_2019_1520_MOESM1_ESM.xlsx	Table S2	S02289-14		CIP	=	0.03		mic_sign '=' inferred
12866_2019_1520_MOESM1_ESM.xlsx	Table S2	S02289-14		GEN	<=	0.5		
12866_2019_1520_MOESM1_ESM.xlsx	Table S2	S02289-14		NAL	<=	4.0		
12866_2019_1520_MOESM1_ESM.xlsx	Table S2	S02289-14		STR	>	64.0		
12866_2019_1520_MOESM1_ESM.xlsx	Table S2	S02289-14		SMX	>	1024.0		
12866_2019_1520_MOESM1_ESM.xlsx	Table S2	S02289-14		SXT	>	4.0		
12866_2019_1520_MOESM1_ESM.xlsx	Table S2	S02289-14		SUL	>	256.0		
12866_2019_1520_MOESM1_ESM.xlsx	Table S2	S02289-14		TET	>	32.0		
12866_2019_1520_MOESM1_ESM.xlsx	Table S2	S02289-14		TRI	>	32.0		
12866_2019_1520_MOESM1_ESM.xlsx	Table S2	S03086-14		AMP	>	64.0		
12866_2019_1520_MOESM1_ESM.xlsx	Table S2	S03086-14		CHL	<=	8.0		
12866_2019_1520_MOESM1_ESM.xlsx	Table S2	S03086-14		CIP	=	0.03		mic_sign '=' inferred
12866_2019_1520_MOESM1_ESM.xlsx	Table S2	S03086-14		GEN	<=	0.5		
12866_2019_1520_MOESM1_ESM.xlsx	Table S2	S03086-14		NAL	<=	4.0		
12866_2019_1520_MOESM1_ESM.xlsx	Table S2	S03086-14		STR	>	64.0		
12866_2019_1520_MOESM1_ESM.xlsx	Table S2	S03086-14		SMX	>	1024.0		
12866_2019_1520_MOESM1_ESM.xlsx	Table S2	S03086-14		SXT	<=	0.12		
12866_2019_1520_MOESM1_ESM.xlsx	Table S2	S03086-14		SUL	>	256.0		
12866_2019_1520_MOESM1_ESM.xlsx	Table S2	S03086-14		TET	>	32.0		
12866_2019_1520_MOESM1_ESM.xlsx	Table S2	S03086-14		TRI	<=	0.25		
12866_2019_1520_MOESM1_ESM.xlsx	Table S2	S03195-14		AMP	>	64.0		
12866_2019_1520_MOESM1_ESM.xlsx	Table S2	S03195-14		CHL	<=	8.0		
12866_2019_1520_MOESM1_ESM.xlsx	Table S2	S03195-14		CIP	=	0.03		mic_sign '=' inferred
12866_2019_1520_MOESM1_ESM.xlsx	Table S2	S03195-14		GEN	<=	0.5		
12866_2019_1520_MOESM1_ESM.xlsx	Table S2	S03195-14		NAL	<=	4.0		
12866_2019_1520_MOESM1_ESM.xlsx	Table S2	S03195-14		STR	=	32.0		mic_sign '=' inferred
12866_2019_1520_MOESM1_ESM.xlsx	Table S2	S03195-14		SMX	>	1024.0		
12866_2019_1520_MOESM1_ESM.xlsx	Table S2	S03195-14		SXT	>	4.0		
12866_2019_1520_MOESM1_ESM.xlsx	Table S2	S03195-14		SUL	>	256.0		
12866_2019_1520_MOESM1_ESM.xlsx	Table S2	S03195-14		TET	>	32.0		
12866_2019_1520_MOESM1_ESM.xlsx	Table S2	S03195-14		TRI	>	32.0		
12866_2019_1520_MOESM1_ESM.xlsx	Table S2	S05247-14		AMP	>	64.0		
12866_2019_1520_MOESM1_ESM.xlsx	Table S2	S05247-14		CHL	<=	8.0		
12866_2019_1520_MOESM1_ESM.xlsx	Table S2	S05247-14		CIP	=	0.03		mic_sign '=' inferred
12866_2019_1520_MOESM1_ESM.xlsx	Table S2	S05247-14		GEN	<=	0.5		
12866_2019_1520_MOESM1_ESM.xlsx	Table S2	S05247-14		NAL	<=	4.0		
12866_2019_1520_MOESM1_ESM.xlsx	Table S2	S05247-14		STR	>	64.0		
12866_2019_1520_MOESM1_ESM.xlsx	Table S2	S05247-14		SMX	>	1024.0		
12866_2019_1520_MOESM1_ESM.xlsx	Table S2	S05247-14		SXT	=	0.5		mic_sign '=' inferred
12866_2019_1520_MOESM1_ESM.xlsx	Table S2	S05247-14		SUL	>	256.0		
12866_2019_1520_MOESM1_ESM.xlsx	Table S2	S05247-14		TET	>	32.0		
12866_2019_1520_MOESM1_ESM.xlsx	Table S2	S05247-14		TRI	<=	0.25		
