pmid	pmcid	doi	title	first_author	year	genome_id_count	ast_location	biosample_hint	supplement_files	supplement_downloaded	details
26686880	PMC4703848	10.1038/ncomms10063	Rapid antibiotic-resistance predictions from genome sequence data for Staphylococcus aureus and Mycobacterium tuberculosis	Bradley P	2015	986	main_text_and_supplement	yes	ncomms10063-s1.pdf;ncomms10063-s2.txt;ncomms10063-s3.txt;ncomms10063-s4.txt;ncomms10063-s5.txt;ncomms10063-s6.txt;ncomms10063-s7.txt;ncomms10063-s8.txt;ncomms10063-s9.txt;ncomms10063-s10.txt;ncomms10063-s11.txt;ncomms10063-s12.txt;ncomms10063-s13.zip;ncomms10063-s15.zip;ncomms10063-s14.zip;ncomms10063-s16.zip;ncomms10063-s17.mov;ncomms10063-s18.mov	0	AST keyword hits: resistance×119, resistant×74, susceptible×28, phoenix×22.
32025709	PMC7177496	10.1093/jac/dkz570	Evaluation of a fully automated bioinformatics tool to predict antibiotic resistance from MRSA genomes	Kumar N	2020	773	main_text_and_supplement	no	dkz570_supplementary_data.zip	0	AST keyword hits: resistance×58, resistant×24, susceptible×21, susceptibility×19.
30696529	PMC6351993	10.2807/1560-7917.ES.2019.24.4.1800215	Prospective genomic surveillance of methicillin-resistant Staphylococcus aureus (MRSA) associated with bloodstream infection, England, 1 October 2012 to 30 September 2013	Toleman MS	2019	422	supplement	no	1800215_TOLEMAN_SupplementaryFigureS1.pdf;1800215_TOLEMAN_SupplementaryTableS1.pdf;1800215_TOLEMAN_SupplementaryTableS2.pdf	0	AST keyword hits: resistant×17, resistance×5, susceptibility×1, vitek×1.
29295910	PMC5750399	10.1128/mBio.02016-17	Range Expansion and the Origin of USA300 North American Epidemic Methicillin-Resistant Staphylococcus aureus	Challagundla L	2018	323	main_text_and_supplement	yes	mbo001183654sd1.xlsx;https://creativecommons.org/licenses/by/4.0/;https://creativecommons.org/licenses/by/4.0/;mbo001183654s1.pdf;https://creativecommons.org/licenses/by/4.0/;https://creativecommons.org/licenses/by/4.0/	0	AST keyword hits: resistant×36, resistance×14, susceptibility×2, susceptible×1.
26806258	PMC4898209	10.1016/j.cmi.2016.01.008	Comparison of community-onset Staphylococcus argenteus and Staphylococcus aureus sepsis in Thailand: a prospective multicentre observational study	Chantratita N	2016	318	main_text_table	no		0	AST keyword hits: resistance×10, susceptible×8, susceptibility×8, resistant×8.
25903077	PMC4407387	10.1186/s13059-015-0643-z	Evolutionary dynamics of methicillin-resistant Staphylococcus aureus within a healthcare system	Hsu LY	2015	234	supplement	no		0	AST keyword hits: resistant×28, resistance×22, susceptible×3, susceptibility×3.
33658988	PMC7917082	10.3389/fmicb.2021.639660	Genome-Wide Association Studies for the Detection of Genetic Variants Associated With Daptomycin and Ceftaroline Resistance in Staphylococcus aureus	Weber RE	2021	181	main_text_and_supplement	yes	Image_1.png;Image_2.png;Image_3.png;Image_4.png;Image_5.png;Image_6.png;Image_7.png;Table_1.xlsx;Table_2.xlsx;Table_3.xlsx;Table_4.xlsx;Table_5.xlsx;Table_6.xlsx	0	AST keyword hits: resistance×115, resistant×38, mics×16, susceptibility×14.
25038069	PMC4195474	10.1093/jac/dku271	Whole-genome sequencing reveals clonal expansion of multiresistant Staphylococcus haemolyticus in European hospitals	Cavanagh JP	2014	124	main_text_and_supplement	no	supp_69_11_2920__index.html;supp_dku271_dku271supp_table1.xlsx;supp_dku271_dku271supp_table2.docx	0	AST keyword hits: resistance×42, resistant×16, susceptibility×5, breakpoint×4.
35038924	PMC8764539	10.1128/mbio.03196-21	Comparative Genomics of Borderline Oxacillin-Resistant Staphylococcus aureus Detected during a Pseudo-outbreak of Methicillin-Resistant S. aureus in a Neonatal Intensive Care Unit	Sawhney SS	2022	100	main_text_and_supplement	yes	mbio.03196-21-st001.docx;https://creativecommons.org/licenses/by/4.0/;mbio.03196-21-sf001.pdf;https://creativecommons.org/licenses/by/4.0/;mbio.03196-21-st002.docx;https://creativecommons.org/licenses/by/4.0/;mbio.03196-21-sf002.pdf;https://creativecommons.org/licenses/by/4.0/;mbio.03196-21-sf003.pdf;https://creativecommons.org/licenses/by/4.0/;mbio.03196-21-st003.docx;https://creativecommons.org/licenses/by/4.0/;mbio.03196-21-sf004.pdf;https://creativecommons.org/licenses/by/4.0/;mbio.03196-21-sf005.pdf;https://creativecommons.org/licenses/by/4.0/;mbio.03196-21-sf006.pdf;https://creativecommons.org/licenses/by/4.0/;mbio.03196-21-st004.docx;https://creativecommons.org/licenses/by/4.0/	0	AST keyword hits: resistance×62, resistant×50, susceptibility×25, disk diffusion×18.
29729180	PMC6221151	10.1111/bjd.16722	The widespread use of topical antimicrobials enriches for resistance in Staphylococcus aureus isolated from patients with atopic dermatitis	Harkins CP	2018	99	main_text_and_supplement	yes	BJD-179-951-s001.xlsx;BJD-179-951-s002.pptx;BJD-179-951-s003.mp4	0	AST keyword hits: resistance×64, resistant×19, susceptibility×7, resistances×4.
29229636	PMC5786761	10.1128/AAC.02000-17	Topical Antibiotic Use Coselects for the Carriage of Mobile Genetic Elements Conferring Resistance to Unrelated Antimicrobials in Staphylococcus aureus	Carter GP	2018	99	supplement	yes	supp_62_2_e02000-17__index.html;AAC.02000-17_zac002186908s1.xlsx;AAC.02000-17_zac002186908s2.pdf	0	AST keyword hits: resistance×51, resistant×28, susceptible×6, susceptibility×3.
24787619	PMC4040999	10.1093/gbe/evu092	Dissecting vancomycin-intermediate resistance in staphylococcus aureus using genome-wide association	Alam MT	2014	70	main_text_and_supplement	no	supp_6_5_1174__index.html;supp_evu092_Supplementary_Figures.doc;supp_evu092_Supplementary_Tables.doc	0	AST keyword hits: resistance×52, intermediate×34, etest×33, resistant×27.
35756053	PMC9226621	10.3389/fmicb.2022.804627	One Day in Denmark: Comparison of Phenotypic and Genotypic Antimicrobial Susceptibility Testing in Bacterial Isolates From Clinical Settings	Rebelo AR	2022	68	main_text_and_supplement	yes	Table_1.XLSX;Table_2.XLSX;Table_3.XLSX	0	AST keyword hits: resistance×60, susceptibility×42, mic×24, susceptible×23.
31424550	PMC6798832	10.1093/jac/dkz341	Genomic investigation of Staphylococcus aureus recovered from Gambian women and newborns following an oral dose of intra-partum azithromycin	Bojang A	2019	65	main_text_and_supplement	yes	dkz341_supplementary_data.zip	0	AST keyword hits: resistance×51, resistant×16, susceptible×10, susceptibility×9.
28704546	PMC5509299	10.1371/journal.pone.0181072	Epidemiology of Staphylococcus aureus in a burn unit of a tertiary care center in Ghana	Amissah NA	2017	64	main_text_and_supplement	no	pone.0181072.s001.xlsx	0	AST keyword hits: resistant×25, resistance×16, susceptibility×8, eucast×3.
34589061	PMC8473885	10.3389/fmicb.2021.661798	Global Expansion of Linezolid-Resistant Coagulase-Negative Staphylococci	Gostev V	2021	47	main_text_and_supplement	yes	Data_Sheet_1.PDF;Data_Sheet_2.PDF;Data_Sheet_3.PDF;Table_1.XLSX;Table_2.XLSX;Table_3.XLSX;Table_4.XLSX	0	AST keyword hits: resistance×87, resistant×76, susceptibility×19, susceptible×12.
23158674	PMC3556525	10.1016/S1473-3099(12)70268-2	Whole-genome sequencing for analysis of an outbreak of meticillin-resistant Staphylococcus aureus: a descriptive study	Harris SR	2013	45	supplement	no	mmc1.pdf	0	AST keyword hits: resistant×15, antibiogram×8, susceptibility×8, disk diffusion×1.
33293382	PMC7733948	10.1128/mBio.02882-20	Comprehensive Genomic Investigation of Adaptive Mutations Driving the Low-Level Oxacillin Resistance Phenotype in Staphylococcus aureus	Giulieri SG	2020	44	main_text_and_supplement	yes	mBio.02882-20-sf001.pdf;https://creativecommons.org/licenses/by/4.0/;https://creativecommons.org/licenses/by/4.0/;mBio.02882-20-st001.xlsx;https://creativecommons.org/licenses/by/4.0/;https://creativecommons.org/licenses/by/4.0/;mBio.02882-20-st002.xlsx;https://creativecommons.org/licenses/by/4.0/;https://creativecommons.org/licenses/by/4.0/;mBio.02882-20-sf002.pdf;https://creativecommons.org/licenses/by/4.0/;https://creativecommons.org/licenses/by/4.0/;mBio.02882-20-sf003.pdf;https://creativecommons.org/licenses/by/4.0/;https://creativecommons.org/licenses/by/4.0/;mBio.02882-20-st003.xlsx;https://creativecommons.org/licenses/by/4.0/;https://creativecommons.org/licenses/by/4.0/;mBio.02882-20-sf004.pdf;https://creativecommons.org/licenses/by/4.0/;https://creativecommons.org/licenses/by/4.0/;mBio.02882-20-sf005.pdf;https://creativecommons.org/licenses/by/4.0/;https://creativecommons.org/licenses/by/4.0/;mBio.02882-20-s0001.pdf;https://creativecommons.org/licenses/by/4.0/;https://creativecommons.org/licenses/by/4.0/;mBio.02882-20-st004.xlsx;https://creativecommons.org/licenses/by/4.0/;https://creativecommons.org/licenses/by/4.0/	0	AST keyword hits: resistance×97, mic×61, resistant×34, mics×14.
35189301		10.1016/j.jhin.2022.01.025	Insights on catheter-related bloodstream infections: a prospective observational study on the catheter colonization and multidrug resistance	Pinto M	2022	40	no_pmc_record	unclear		0	No PMCID — not deposited in PMC (or paywalled). Needs manual lookup.
30988144	PMC6535555	10.1128/AAC.02607-18	A Novel, Widespread qacA Allele Results in Reduced Chlorhexidine Susceptibility in Staphylococcus epidermidis	Addetia A	2019	38	main_text_prose	no		0	AST keyword hits: mic×11, susceptibility×4, resistance×2, mics×1.
29487865	PMC5816877	10.1155/2018/2087693	Hospital Epidemiology of Methicillin-Resistant Staphylococcus aureus in a Tertiary Care Hospital in Moshi, Tanzania, as Determined by Whole Genome Sequencing	Kumburu HH	2018	32	main_text_and_supplement	yes	2087693.f1.docx;2087693.f2.docx;2087693.f3.docx;2087693.f4.docx	0	AST keyword hits: resistant×21, resistance×18, susceptibility×4, susceptible×4.
31996449	PMC7098754	10.1128/JCM.02038-19	Difficult-To-Detect Staphylococcus aureus: mecA-Positive Isolates Associated with Oxacillin and Cefoxitin False-Susceptible Results	Gargis AS	2020	30	main_text_prose	no		0	AST keyword hits: susceptible×2, susceptibility×1, resistance×1.
25733508	PMC4394801	10.1128/AAC.04990-14	Heterogeneity of genetic pathways toward daptomycin nonsusceptibility in Staphylococcus aureus determined by adjunctive antibiotics	Berti AD	2015	27	main_text_prose	no		0	AST keyword hits: resistance×1, resistant×1, susceptibility×1, mic×1.
29377579		10.1111/zph.12443	Identical genotypes of community-associated MRSA (ST59) and livestock-associated MRSA (ST9) in humans and pigs in rural China	Bi Z	2018	20	no_pmc_record	unclear		0	No PMCID — not deposited in PMC (or paywalled). Needs manual lookup.
29723570		10.1016/j.cmi.2018.04.020	Investigation of trimethoprim/sulfamethoxazole resistance in an emerging sequence type 5 methicillin-resistant Staphylococcus aureus clone reveals discrepant resistance reporting	Harris TM	2018	16	no_pmc_record	unclear		0	No PMCID — not deposited in PMC (or paywalled). Needs manual lookup.
35425984		10.1093/jac/dkac119	Persistence of a multidrug-resistant worldwide-disseminated methicillin-resistant Staphylococcus epidermidis clone harbouring the cfr linezolid resistance gene in a French hospital with evidence of interspecies transfer to several Staphylococcus aureus lineages	Côrtes MF	2022	16	no_pmc_record	unclear		0	No PMCID — not deposited in PMC (or paywalled). Needs manual lookup.
22238576	PMC3253072	10.1371/journal.pone.0028316	Whole genome characterization of the mechanisms of daptomycin resistance in clinical and laboratory derived isolates of Staphylococcus aureus	Peleg AY	2012	10	main_text_and_supplement	no	pone.0028316.s001.ppt;pone.0028316.s002.doc;pone.0028316.s003.docx	0	AST keyword hits: susceptibility×28, resistance×26, susceptible×18, resistant×11.
16569891	PMC1426932	10.1128/AAC.50.4.1581-1585.2006	Induction of daptomycin heterogeneous susceptibility in Staphylococcus aureus by exposure to vancomycin	Sakoulas G	2006	3	main_text_prose	no		0	AST keyword hits: susceptibility×3, resistance×1, resistant×1, intermediate×1.
31474962	PMC6702299	10.3389/fmicb.2019.01882	IS256-Mediated Overexpression of the WalKR Two-Component System Regulon Contributes to Reduced Vancomycin Susceptibility in a Staphylococcus aureus Clinical Isolate	Kuroda M	2019	3	main_text_and_supplement	yes	Table_1.XLSX;Table_2.XLSX;Table_3.XLSX	0	AST keyword hits: susceptibility×44, resistance×30, resistant×23, mic×17.
19769538		10.1086/605636	Development of reduced vancomycin susceptibility in methicillin-susceptible Staphylococcus aureus	Pillai SK	2009	1	no_pmc_record	unclear		0	No PMCID — not deposited in PMC (or paywalled). Needs manual lookup.
